ts,uptime_s,boot_id,event,temp_c,temp_sys_c,throttled_hex,throttle_now,throttle_ever,cpu_mhz,cpu_busy_pct,load1,mem_avail_mb,swap_used_mb,fan_rpm,top_proc,top_proc_cpu,0V8_AON_A,0V8_AON_V,0V8_SW_A,0V8_SW_V,1V1_SYS_A,1V1_SYS_V,1V8_SYS_A,1V8_SYS_V,3V3_ADC_A,3V3_ADC_V,3V3_DAC_A,3V3_DAC_V,3V3_SYS_A,3V3_SYS_V,3V7_WL_SW_A,3V7_WL_SW_V,BATT_V,DDR_VDD2_A,DDR_VDD2_V,DDR_VDDQ_A,DDR_VDDQ_V,EXT5V_V,HDMI_A,HDMI_V,VDD_CORE_A,VDD_CORE_V
2026-09-22T08:29:43,2906.45,b8f8132e,start,44.4,44.1,0x0,-,-,3000,,0.00,7395,0,0,python3,62.5,0.00293040,0.79941320,0.36109410,0.80109810,0.17761930,1.10732500,0.12003940,1.81635900,0.00000000,3.32325700,0.00000000,3.32600400,0.04586871,3.32302500,0.09759300,3.72668700,0.00000000,0.00975930,1.10732500,0.00000000,0.60219720,5.11344000,0.01733820,5.10808000,1.53596000,1.00463900
2026-09-22T08:29:44,2907.44,b8f8132e,,46.1,45.8,0x0,-,-,3000,0.3,0.00,7389,0,0,python3,4.6,0.00293040,0.79970620,0.36011820,0.80256330,0.17761930,1.10769100,0.12199130,1.81098700,0.00000000,3.32234100,0.00000000,3.32600400,0.04879650,3.32302500,0.10052080,3.72854300,0.00000000,0.00292779,1.11355200,0.00000000,0.60366240,5.10674000,0.01721610,5.10674000,1.56275000,1.00437000
2026-09-22T08:29:45,2908.44,b8f8132e,,46.1,45.8,0x0,-,-,3000,0.5,0.00,7390,0,0,python3,2.4,0.00274725,0.79941320,0.36402190,0.80036550,0.17761930,1.10732500,0.12101530,1.81831300,0.00000000,3.32417200,0.00000000,3.32692000,0.04879650,3.32580900,0.09466522,3.72854300,0.00000000,0.00097593,1.10805800,0.00000000,0.60073200,5.11076000,0.01746030,5.10272000,1.55382000,1.00517600
2026-09-22T08:29:46,2909.44,b8f8132e,,45.5,45.2,0x0,-,-,3000,0.3,0.00,7391,0,0,python3,1.6,0.00280830,0.79999920,0.36597380,0.80292960,0.17859520,1.11062200,0.12003940,1.81782500,0.00000000,3.32234100,0.00000000,3.32600400,0.04586871,3.32395300,0.09661707,3.72854300,0.00000000,0.01854267,1.11062200,0.00000000,0.60695910,5.11076000,0.01733820,5.10540000,1.57168000,1.00463900
2026-09-22T08:29:47,2910.44,b8f8132e,,46.6,46.3,0x0,-,-,3000,0.2,0.00,7391,0,0,python3,1.2,0.00274725,0.79970620,0.36597380,0.80146440,0.17957110,1.10805800,0.12199130,1.82368500,0.00000000,3.32325700,0.00000000,3.32508800,0.04489278,3.32488100,0.09368929,3.72390300,0.00000000,0.00585558,1.10732500,0.00000000,0.60256350,5.11344000,0.01758240,5.10674000,1.55382000,1.00463900
2026-09-22T08:29:48,2911.44,b8f8132e,,46.6,46.3,0x0,-,-,3000,0.5,0.00,7392,0,0,python3,0.9,0.00274725,0.79970620,0.36792560,0.80073180,0.19323410,1.10439400,0.12101530,1.81342900,0.00000000,3.32234100,0.00000000,3.32783600,0.04782057,3.32952100,0.09466522,3.72761500,0.00000000,0.00780744,1.11355200,0.00000000,0.60402870,5.11478000,0.01697190,5.10406000,1.55382000,1.00463900
2026-09-22T08:29:49,2912.44,b8f8132e,,46.1,45.8,0x0,-,-,1500,0.0,0.00,7395,0,0,python3,0.9,0.00293040,0.79941320,0.36499780,0.80219700,0.17761930,1.10769100,0.11320790,1.82466200,0.00000000,3.32234100,0.00000000,3.32600400,0.04684464,3.32302500,0.09759300,3.72390300,0.00000000,0.00292779,1.10732500,0.00000000,0.60695910,5.10808000,0.01709400,5.10004000,0.70547000,0.72178200
2026-09-22T08:29:50,2913.44,b8f8132e,,44.4,44.1,0x0,-,-,1500,0.7,0.00,7396,0,0,python3,0.8,0.00299145,0.79912020,0.36207000,0.80109810,0.17859520,1.10439400,0.11418380,1.81440600,0.00000000,3.32142500,0.00000000,3.32600400,0.04684464,3.32580900,0.09661707,3.72854300,0.00000000,0.00585558,1.11355200,0.00000000,0.60402870,5.11344000,0.01697190,5.10272000,0.71440000,0.72231920
2026-09-22T08:29:51,2914.45,b8f8132e,,45.0,44.6,0x0,-,-,1500,0.7,0.00,7397,0,0,htop,0.8,0.00293040,0.79941320,0.36109410,0.80292960,0.19128230,1.11062200,0.11515970,1.81245200,0.00000000,3.32234100,0.00000000,3.32783600,0.04684464,3.32302500,0.09368929,3.72483100,0.00000000,0.00390372,1.11062200,0.00000000,0.60512760,5.10674000,0.01697190,5.10004000,0.70547000,0.72258790
2026-09-22T08:29:52,2915.44,b8f8132e,,44.4,44.1,0x0,-,-,1700,0.3,0.00,7399,0,0,htop,0.8,0.00293040,0.79941320,0.36499780,0.80109810,0.19030640,1.10879000,0.11613570,1.82222000,0.00000000,3.32325700,0.00000000,3.32600400,0.04586871,3.32488100,0.09564114,3.72483100,0.00000000,0.00780744,1.10732500,0.00000000,0.60586020,5.11076000,0.01709400,5.09334000,1.17876000,0.72258790
2026-09-22T08:29:53,2916.44,b8f8132e,,45.5,45.2,0x0,-,-,1500,1.0,0.00,7398,0,0,htop,0.8,0.00280830,0.79941320,0.36304600,0.80109810,0.20006570,1.11062200,0.11613570,1.82124300,0.00000000,3.32142500,0.00000000,3.32783600,0.04782057,3.32395300,0.09368929,3.72390300,0.00000000,0.00683151,1.11282000,0.00000000,0.60476130,5.10808000,0.01697190,5.09870000,0.71440000,0.72231920
2026-09-22T08:29:54,2917.44,b8f8132e,,45.5,45.2,0x0,-,-,1500,0.5,0.00,7401,0,0,htop,0.8,0.00299145,0.79912020,0.36597380,0.80329590,0.17761930,1.10732500,0.11418380,1.80561500,0.00006105,3.32325700,0.00000000,3.32600400,0.04294092,3.32116900,0.09368929,3.71091200,0.00000000,0.00097593,1.11208700,0.00000000,0.60109830,5.10540000,0.01758240,5.09602000,0.70547000,0.72205060
2026-09-22T08:29:55,2918.45,b8f8132e,,44.4,44.1,0x0,-,-,1700,0.3,0.00,7401,0,0,htop,0.7,0.00293040,0.79941320,0.36109410,0.80256330,0.17761930,1.10769100,0.11320790,1.82026700,0.00000000,3.32417200,0.00000000,3.32508800,0.04684464,3.32580900,0.09466522,3.72854300,0.00000000,0.00390372,1.11208700,0.00000000,0.60586020,5.10138000,0.01709400,5.10272000,0.71440000,0.72231920
2026-09-22T08:29:56,2919.45,b8f8132e,,45.5,43.0,0x0,-,-,1500,0.5,0.00,7399,0,0,htop,0.8,0.00293040,0.79970620,0.36499780,0.80219700,0.19030640,1.10732500,0.11515970,1.82954600,0.00000000,3.32325700,0.00000000,3.32600400,0.04586871,3.32209700,0.09466522,3.72761500,0.00000000,0.00487965,1.11025500,0.00000000,0.60769170,5.11076000,0.01648350,5.10004000,0.70547000,0.72151340
2026-09-22T08:29:57,2920.45,b8f8132e,,44.4,44.1,0x0,-,-,1500,0.5,0.00,7400,0,0,htop,0.8,0.00293040,0.79941320,0.36109410,0.80256330,0.18152300,1.10695900,0.11418380,1.81098700,0.00000000,3.32600400,0.00000000,3.32600400,0.05074836,3.32024100,0.09759300,3.72854300,0.00000000,0.00195186,1.11355200,0.00000000,0.59926680,5.10674000,0.01648350,5.09736000,0.71440000,0.72178200
2026-09-22T08:29:58,2921.45,b8f8132e,,45.0,44.6,0x0,-,-,1500,0.5,0.00,7400,0,0,htop,0.7,0.00293040,0.79999920,0.36304600,0.80256330,0.17957110,1.10805800,0.11515970,1.80073100,0.00000000,3.32234100,0.00000000,3.32692000,0.04489278,3.32580900,0.09368929,3.71276800,0.00000000,0.00683151,1.11355200,0.00000000,0.60146460,5.10808000,0.01709400,5.09736000,0.72333000,0.72231920
2026-09-22T08:29:59,2922.45,b8f8132e,,44.4,44.1,0x0,-,-,1500,0.5,0.00,7399,0,0,htop,0.8,0.00286935,0.79970620,0.36109410,0.80109810,0.17761930,1.10732500,0.11613570,1.81245200,0.00000000,3.32234100,0.00000000,3.32508800,0.04489278,3.32673600,0.09466522,3.72390300,0.00000000,0.00585558,1.10879000,0.00000000,0.60512760,5.10406000,0.01746030,5.09736000,0.70547000,0.72258790
2026-09-22T08:30:00,2923.45,b8f8132e,,43.9,43.5,0x0,-,-,1500,0.5,0.00,7399,0,0,htop,0.7,0.00293040,0.79941320,0.36402190,0.80183080,0.18054710,1.10732500,0.11515970,1.81196400,0.00000000,3.32325700,0.00000000,3.32692000,0.04586871,3.32952100,0.09564114,3.72575900,0.00000000,0.00878337,1.11208700,0.00000000,0.60256350,5.10674000,0.01709400,5.10138000,0.71440000,0.72258790
2026-09-22T08:30:01,2924.45,b8f8132e,,43.3,43.0,0x0,-,-,1700,1.0,0.00,7401,0,0,htop,0.8,0.00293040,0.79941320,0.36207000,0.80256330,0.17859520,1.10805800,0.11515970,1.82222000,0.00000000,3.32325700,0.00000000,3.32600400,0.05953173,3.32580900,0.09856894,3.72668700,0.00000000,0.00585558,1.10732500,0.00000000,0.60402870,5.10004000,0.01672770,5.09870000,0.71440000,0.72178200
2026-09-22T08:30:02,2925.45,b8f8132e,,45.0,44.6,0x0,-,-,1500,0.7,0.00,7400,0,0,htop,0.8,0.00274725,0.79912020,0.36597380,0.80329590,0.19030640,1.10952300,0.11320790,1.81782500,0.00000000,3.32142500,0.00000000,3.32600400,0.04977243,3.31745700,0.09759300,3.72668700,0.00000000,0.00097593,1.11062200,0.00000000,0.60146460,5.10138000,0.01758240,5.09736000,0.70547000,0.72178200
2026-09-22T08:30:03,2926.44,b8f8132e,,45.0,44.6,0x0,-,-,1500,0.5,0.00,7401,0,0,htop,0.8,0.00293040,0.79970620,0.36109410,0.80183080,0.18054710,1.10732500,0.14834140,1.80659200,0.00000000,3.32142500,0.00000000,3.32600400,0.09466522,3.31374500,0.09076149,3.72761500,0.00000000,0.00292779,1.10732500,0.00000000,0.59999940,5.10138000,0.01733820,5.10272000,0.69653990,0.72231920
2026-09-22T08:30:04,2927.44,b8f8132e,,44.4,44.1,0x0,-,-,1500,0.3,0.00,7398,0,0,htop,0.8,0.00274725,0.79912020,0.36402190,0.80256330,0.17859520,1.11062200,0.11320790,1.81635900,0.00000000,3.32234100,0.00000000,3.32600400,0.05270022,3.32395300,0.09271335,3.72390300,0.00000000,0.00292779,1.11355200,0.00000000,0.60476130,5.10272000,0.01648350,5.09736000,0.71440000,0.72178200
2026-09-22T08:30:05,2928.44,b8f8132e,,43.9,43.5,0x0,-,-,1500,1.0,0.00,7398,0,0,htop,0.7,0.00293040,0.79970620,0.36499780,0.80183080,0.19128230,1.10915600,0.11711160,1.80073100,0.00000000,3.32325700,0.00000000,3.32692000,0.05074836,3.32209700,0.09368929,3.72390300,0.00000000,0.00683151,1.11355200,0.00000000,0.60952320,5.09870000,0.01709400,5.10272000,0.72333000,0.72178200
2026-09-22T08:30:06,2929.44,b8f8132e,,44.4,45.2,0x0,-,-,1500,0.3,0.00,7400,0,0,htop,0.7,0.00293040,0.79941320,0.36597380,0.80219700,0.17664330,1.10915600,0.11613570,1.80903400,0.00000000,3.32325700,0.00000000,3.32966700,0.04684464,3.32302500,0.09271335,3.72297600,0.00000000,0.00780744,1.11208700,0.00000000,0.60109830,5.10674000,0.01697190,5.10004000,0.72333000,0.72205060
2026-09-22T08:30:07,2930.44,b8f8132e,,45.0,44.6,0x0,-,-,1500,0.5,0.00,7401,0,0,htop,0.8,0.00293040,0.79970620,0.35914220,0.80109810,0.18054710,1.10879000,0.11515970,1.81147600,0.00000000,3.32142500,0.00000000,3.32600400,0.04782057,3.33323200,0.09466522,3.72854300,0.00000000,0.00195186,1.11208700,0.00000000,0.60769170,5.10808000,0.01697190,5.09736000,0.71440000,0.72285640
2026-09-22T08:30:08,2931.44,b8f8132e,,44.4,44.1,0x0,-,-,1500,0.8,0.00,7399,0,0,htop,0.8,0.00286935,0.79941320,0.36402190,0.80073180,0.17761930,1.10988900,0.11515970,1.81245200,0.00000000,3.32325700,0.00000000,3.32692000,0.04782057,3.33323200,0.09368929,3.72390300,0.00000000,0.00000000,1.10805800,0.00000000,0.60476130,5.10808000,0.01758240,5.10272000,0.71440000,0.72258790
2026-09-22T08:30:09,2932.44,b8f8132e,,43.9,43.5,0x0,-,-,1500,0.3,0.00,7399,0,0,htop,0.7,0.00293040,0.79941320,0.36109410,0.80109810,0.17761930,1.11062200,0.12199130,1.81147600,0.00000000,3.32234100,0.00000000,3.32692000,0.04879650,3.33323200,0.10149670,3.71091200,0.00000000,0.01561488,1.11282000,0.00000000,0.60073200,5.10540000,0.01697190,5.10004000,0.70547000,0.72205060
2026-09-22T08:30:10,2933.55,b8f8132e,,44.4,44.1,0x0,-,-,1500,0.5,0.00,7401,0,0,htop,0.7,0.00268620,0.79970620,0.36402190,0.80109810,0.17957110,1.10732500,0.11320790,1.81098700,0.00000000,3.32417200,0.00000000,3.32692000,0.04684464,3.31003300,0.09466522,3.72761500,0.00000000,0.00585558,1.10732500,0.00000000,0.60183090,5.10674000,0.01733820,5.10272000,0.71440000,0.72231920
2026-09-22T08:30:11,2934.44,b8f8132e,,45.0,44.6,0x0,-,-,1500,1.0,0.00,7400,0,0,htop,0.8,0.00305250,0.79970620,0.36402190,0.80109810,0.19128230,1.10805800,0.11320790,1.82124300,0.00000000,3.32234100,0.00000000,3.32600400,0.04391685,3.32766400,0.09466522,3.72854300,0.00000000,0.00292779,1.10769100,0.00000000,0.60073200,5.10272000,0.01648350,5.09602000,0.72333000,0.72178200
2026-09-22T08:30:12,2935.45,b8f8132e,,45.0,44.6,0x0,-,-,1600,0.5,0.00,7398,0,0,htop,0.8,0.00293040,0.79941320,0.36109410,0.80109810,0.17957110,1.11062200,0.11808750,1.80463800,0.00000000,3.32600400,0.00000000,3.32600400,0.04391685,3.32116900,0.09368929,3.72390300,0.00000000,0.01366302,1.11208700,0.00000000,0.59926680,5.10540000,0.01697190,5.09334000,0.86621010,0.82788680
2026-09-22T08:30:13,2936.45,b8f8132e,,45.5,45.2,0x0,-,-,1500,0.7,0.00,7400,0,0,htop,0.8,0.00280830,0.79941320,0.36402190,0.80109810,0.17761930,1.10732500,0.11418380,1.81196400,0.00000000,3.32508800,0.00000000,3.32600400,0.04782057,3.33323200,0.09368929,3.72390300,0.00000000,0.00097593,1.11062200,0.00000000,0.60586020,5.10808000,0.01758240,5.10138000,0.69653990,0.72231920
2026-09-22T08:30:14,2937.45,b8f8132e,,43.3,43.0,0x0,-,-,1500,0.8,0.00,7398,0,0,htop,0.8,0.00286935,0.79941320,0.36402190,0.80146440,0.17957110,1.10915600,0.11418380,1.81245200,0.00000000,3.32325700,0.00000000,3.32692000,0.04782057,3.32673600,0.09368929,3.72668700,0.00000000,0.00585558,1.11282000,0.00000000,0.60695910,5.10138000,0.01648350,5.09602000,0.72333000,0.72231920
2026-09-22T08:30:15,2938.44,b8f8132e,,45.0,44.6,0x0,-,-,1500,0.7,0.00,7399,0,0,htop,0.7,0.00286935,0.79970620,0.36402190,0.80256330,0.17859520,1.10695900,0.11418380,1.81733600,0.00000000,3.32508800,0.00000000,3.32692000,0.04684464,3.31745700,0.09466522,3.72947100,0.00000000,0.00292779,1.11391800,0.00000000,0.60805800,5.10674000,0.01648350,5.09602000,0.69653990,0.72178200
2026-09-22T08:30:16,2939.45,b8f8132e,,45.0,44.6,0x0,-,-,1500,0.7,0.00,7400,0,0,htop,0.8,0.00293040,0.79970620,0.36499780,0.80146440,0.17957110,1.10439400,0.11515970,1.81391700,0.00000000,3.32142500,0.00000000,3.32692000,0.05660394,3.32673600,0.09856894,3.77122900,0.00000000,0.00683151,1.10879000,0.00000000,0.60292980,5.10272000,0.01733820,5.09200000,0.71440000,0.72205060
2026-09-22T08:30:17,2940.44,b8f8132e,,43.3,43.0,0x0,-,-,1600,0.8,0.00,7400,0,0,htop,0.8,0.00280830,0.79941320,0.36304600,0.80109810,0.19030640,1.11062200,0.11613570,1.82124300,0.00000000,3.32142500,0.00000000,3.32692000,0.04782057,3.32580900,0.10247270,3.72390300,0.00000000,0.00097593,1.10695900,0.00000000,0.60219720,5.10138000,0.01684980,5.10272000,0.85727990,0.82788680
2026-09-22T08:30:18,2941.45,b8f8132e,,45.5,45.2,0x0,-,-,1500,0.3,0.00,7399,0,0,htop,0.8,0.00299145,0.79941320,0.36207000,0.80146440,0.18054710,1.10732500,0.11418380,1.81489400,0.00000000,3.32325700,0.00000000,3.32692000,0.04782057,3.32395300,0.09564114,3.72854300,0.00000000,0.00292779,1.11355200,0.00000000,0.60146460,5.11076000,0.01709400,5.10272000,0.71440000,0.72231920
2026-09-22T08:30:19,2942.45,b8f8132e,,45.5,45.2,0x0,-,-,1500,1.0,0.00,7401,0,0,htop,0.8,0.00286935,0.79941320,0.36207000,0.80256330,0.18054710,1.10732500,0.11515970,1.81880100,0.00000000,3.32325700,0.00000000,3.32600400,0.04391685,3.32952100,0.09661707,3.72390300,0.00000000,0.04879650,1.10769100,0.00000000,0.60183090,5.10540000,0.01684980,5.10272000,0.71440000,0.72178200
2026-09-22T08:30:20,2943.45,b8f8132e,,45.0,44.6,0x0,-,-,1600,0.7,0.00,7401,0,0,htop,0.8,0.00293040,0.79912020,0.36694970,0.80219700,0.17859520,1.10879000,0.11613570,1.81245200,0.00000000,3.32417200,0.00000000,3.32783600,0.05953173,3.31745700,0.09368929,3.72483100,0.00000000,0.00585558,1.10732500,0.00000000,0.60036570,5.10138000,0.01721610,5.10004000,0.85727990,0.82788680
2026-09-22T08:30:21,2944.45,b8f8132e,,44.4,44.1,0x0,-,-,1500,1.0,0.00,7401,0,0,htop,0.8,0.00268620,0.79970620,0.36499780,0.80256330,0.18054710,1.10879000,0.11418380,1.81245200,0.00000000,3.32142500,0.00000000,3.32600400,0.04782057,3.32209700,0.10149670,3.72204800,0.00000000,0.00292779,1.10586000,0.00000000,0.60366240,5.10674000,0.01733820,5.10138000,0.71440000,0.72258790
2026-09-22T08:30:22,2945.45,b8f8132e,,44.4,44.1,0x0,-,-,1500,1.0,0.00,7398,0,0,htop,0.8,0.00293040,0.79912020,0.36402190,0.80219700,0.17957110,1.11062200,0.11613570,1.81196400,0.00000000,3.32325700,0.00000000,3.32600400,0.05562801,3.32766400,0.09368929,3.72483100,0.00000000,0.00000000,1.10879000,0.00000000,0.60476130,5.10808000,0.01648350,5.09200000,0.73226000,0.72258790
2026-09-22T08:30:23,2946.44,b8f8132e,,44.4,44.1,0x0,-,-,1700,0.5,0.00,7397,0,0,htop,0.8,0.00293040,0.79970620,0.35914220,0.80219700,0.17859520,1.10695900,0.11613570,1.81880100,0.00000000,3.32325700,0.00000000,3.32692000,0.04879650,3.32488100,0.09368929,3.72668700,0.00000000,0.00390372,1.11355200,0.00000000,0.59926680,5.10942000,0.01648350,5.10004000,0.90193000,0.83782580
2026-09-22T08:30:24,2947.45,b8f8132e,,43.3,43.0,0x0,-,-,1500,0.3,0.00,7398,0,0,htop,0.8,0.00293040,0.79970620,0.36304600,0.80219700,0.17761930,1.10732500,0.11515970,1.81098700,0.00000000,3.32600400,0.00000000,3.32600400,0.04489278,3.32580900,0.09466522,3.72854300,0.00000000,0.01073523,1.11172000,0.00000000,0.59926680,5.10674000,0.01721610,5.10272000,0.71440000,0.72178200
2026-09-22T08:30:25,2948.45,b8f8132e,,44.4,44.1,0x0,-,-,1500,1.0,0.00,7401,0,0,htop,0.8,0.00280830,0.79941320,0.36207000,0.80109810,0.17957110,1.11062200,0.11320790,1.82466200,0.00000000,3.32417200,0.00000000,3.32783600,0.04977243,3.32116900,0.09661707,3.72854300,0.00000000,0.00195186,1.11355200,0.00000000,0.60402870,5.10942000,0.01697190,5.10004000,0.70547000,0.72178200
2026-09-22T08:30:26,2949.45,b8f8132e,,45.0,44.6,0x0,-,-,1700,0.7,0.00,7399,0,0,htop,0.8,0.00286935,0.79941320,0.36402190,0.80146440,0.17957110,1.10732500,0.11808750,1.82124300,0.00000000,3.32417200,0.00000000,3.32692000,0.05855580,3.32395300,0.09564114,3.72390300,0.00000000,0.00683151,1.10732500,0.00000000,0.60732540,5.11210000,0.01758240,5.10406000,0.89299990,0.83809440
2026-09-22T08:30:27,2950.45,b8f8132e,,45.0,44.6,0x0,-,-,1500,0.3,0.00,7400,0,0,htop,0.8,0.00280830,0.79941320,0.36499780,0.80256330,0.17859520,1.11062200,0.11320790,1.79682400,0.00000000,3.32417200,0.00000000,3.32692000,0.04684464,3.32302500,0.09466522,3.72483100,0.00000000,0.00390372,1.10439400,0.00000000,0.60366240,5.10808000,0.01733820,5.09602000,0.72333000,0.72258790
2026-09-22T08:30:28,2951.45,b8f8132e,,45.0,44.6,0x0,-,-,1500,0.7,0.00,7400,0,0,ps,100,0.00293040,0.79941320,0.36597380,0.80292960,0.17859520,1.10439400,0.11613570,1.81977800,0.00000000,3.32417200,0.00000000,3.32692000,0.04294092,3.32116900,0.09564114,3.72854300,0.00000000,0.00000000,1.10439400,0.00000000,0.60476130,5.10808000,0.01684980,5.09870000,0.71440000,0.72178200
2026-09-22T08:30:29,2952.45,b8f8132e,,43.9,43.5,0x0,-,-,1700,0.7,0.08,7403,0,0,htop,0.8,0.00305250,0.79970620,0.36890160,0.80292960,0.17859520,1.10805800,0.11515970,1.81782500,0.00000000,3.32325700,0.00000000,3.32600400,0.04684464,3.31745700,0.09954486,3.72390300,0.00000000,0.00097593,1.11208700,0.00000000,0.60622650,5.10406000,0.01746030,5.09870000,0.71440000,0.72258790
2026-09-22T08:30:30,2953.45,b8f8132e,,44.4,44.1,0x0,-,-,2200,3.0,0.08,7381,0,0,npm,62.5,0.00286935,0.79970620,0.39525170,0.80256330,0.17957110,1.10732500,0.12394310,1.81098700,0.00000000,3.32325700,0.00000000,3.32508800,0.04879650,3.32024100,0.09856894,3.72761500,0.00000000,0.07026696,1.11025500,0.00000000,0.59963310,5.11478000,0.01733820,5.10808000,3.03620000,0.90820420
2026-09-22T08:30:31,2954.44,b8f8132e,,48.3,48.0,0x0,-,-,3000,23.1,0.08,7275,0,0,npm,exec,0.00274725,0.79941320,0.44307220,0.80329590,0.17957110,1.10952300,0.12979870,1.80561500,0.00000000,3.32234100,0.00000000,3.32692000,0.05270022,3.31374500,0.26935670,3.77122900,0.00000000,0.10930420,1.10769100,0.01421580,0.60366240,5.10540000,0.01697190,5.10138000,3.15229000,1.00517600
2026-09-22T08:30:32,2955.44,b8f8132e,,48.8,47.4,0x0,-,-,3000,32.9,0.08,7077,0,0,node,127,0.00293040,0.79941320,0.38256460,0.80366220,0.17957110,1.10439400,0.12687090,1.81196400,0.00000000,3.32417200,0.00000000,3.32508800,0.04879650,3.33323200,0.09564114,3.72483100,0.00000000,0.09368929,1.10842400,0.00000000,0.60366240,5.11746000,0.01746030,5.11880000,3.30410000,1.00490700
2026-09-22T08:30:33,2956.44,b8f8132e,,46.6,46.3,0x0,-,-,3000,19.2,0.08,6999,0,0,node,102,0.00293040,0.79970620,0.36304600,0.80366220,0.17957110,1.10769100,0.12003940,1.82222000,0.00000000,3.32325700,0.00000000,3.32600400,0.04489278,3.32488100,0.08978556,3.72575900,0.00000000,0.00975930,1.10879000,0.00000000,0.60366240,5.10138000,0.01672770,5.11076000,1.56275000,1.00463900
2026-09-22T08:30:34,2957.44,b8f8132e,,48.3,48.0,0x0,-,-,3000,28.1,0.15,6996,0,0,node,95.6,0.00293040,0.79970620,0.38939610,0.80183080,0.17859520,1.10915600,0.12784680,1.79682400,0.00000000,3.32234100,0.00000000,3.32783600,0.04294092,3.33323200,0.09954486,3.72854300,0.00000000,0.16688400,1.10586000,0.00000000,0.60366240,5.11210000,0.01709400,5.12416000,2.68793000,1.00437000
2026-09-22T08:30:35,2958.44,b8f8132e,,49.9,49.6,0x0,-,-,3000,25.4,0.15,6902,0,0,llama-server,98.3,0.00293040,0.79970620,0.39427570,0.80292960,0.19030640,1.11062200,0.12784680,1.81098700,0.00000000,3.32325700,0.00000000,3.32600400,0.04684464,3.32116900,0.10052080,3.73039900,0.00000000,0.07026696,1.11208700,0.00490200,0.60512760,5.11880000,0.01648350,5.11478000,3.17908000,1.00517600
2026-09-22T08:30:36,2959.44,b8f8132e,,49.9,49.6,0x0,-,-,3000,19.1,0.15,6535,0,0,llama-server,88.0,0.00293040,0.79912020,0.38158860,0.80109810,0.19128230,1.10732500,0.12199130,1.82954600,0.00000000,3.32325700,0.00000000,3.32508800,0.05367615,3.32673600,0.08978556,3.72854300,0.00000000,0.03220569,1.10952300,0.00000000,0.60439500,5.13756000,0.01758240,5.11880000,1.73242000,1.00517600
2026-09-22T08:30:37,2960.44,b8f8132e,,48.3,48.0,0x0,-,-,3000,14.3,0.15,5989,0,2268,llama-server,77.3,0.00299145,0.79941320,0.36792560,0.80256330,0.17859520,1.10805800,0.11906350,1.81098700,0.00000000,3.32600400,0.00000000,3.32600400,0.05172429,3.31745700,0.09368929,3.72761500,0.00000000,0.00975930,1.10769100,0.00000000,0.59926680,5.11076000,0.01672770,5.11076000,1.58061000,1.00463900
2026-09-22T08:30:38,2961.44,b8f8132e,,49.4,49.0,0x0,-,-,3000,4.8,0.15,5480,0,2622,llama-server,63.1,0.00293040,0.79999920,0.36792560,0.80256330,0.17957110,1.10805800,0.12101530,1.82026700,0.00000000,3.32417200,0.00000000,3.32692000,0.04489278,3.32673600,0.09759300,3.72854300,0.00000000,0.00878337,1.10695900,0.00000000,0.60549390,5.12148000,0.01684980,5.11210000,1.58061000,1.00463900
2026-09-22T08:30:39,2962.46,b8f8132e,,56.5,56.2,0x0,-,-,3000,27.0,0.46,5162,0,2640,llama-server,72.2,0.00286935,0.79941320,0.46844640,0.80146440,0.17761930,1.10769100,0.15419700,1.81440600,0.00024420,3.32142500,0.00000000,3.32050900,0.10442450,3.31374500,0.09759300,3.72483100,0.00000000,0.24788620,1.10732500,0.02549040,0.59890050,5.07726000,0.01733820,5.07592000,6.75107900,1.00544500
2026-09-22T08:30:40,2963.45,b8f8132e,,63.1,62.8,0x0,-,-,3000,99.8,0.46,5155,0,2647,llama-server,124,0.00293040,0.79677580,0.41379430,0.79963290,0.17566740,1.10439400,0.12687090,1.80659200,0.00000000,3.32508800,0.00000000,3.32508800,0.04391685,3.31838500,0.09954486,3.71833600,0.00000000,0.09661707,1.10146400,0.01617660,0.60036570,5.32114000,0.01672770,5.12416000,13.17175000,1.00759400
2026-09-22T08:30:41,2964.45,b8f8132e,,64.8,64.5,0x0,-,-,3000,100.0,0.46,5152,0,4071,llama-server,162,0.00293040,0.79941320,0.43721660,0.79963290,0.17859520,1.10732500,0.13565430,1.81098700,0.00000000,3.32600400,0.00000000,3.32600400,0.04782057,3.33323200,0.09466522,3.72761500,0.00000000,0.11808750,1.11355200,0.01470600,0.60292980,5.01696000,0.01660560,4.94058000,13.40393000,1.00437000
2026-09-22T08:30:42,2965.45,b8f8132e,,63.1,62.8,0x0,-,-,3000,100.0,0.46,5184,0,4269,llama-server,189,0.00286935,0.79912020,0.38061270,0.80256330,0.18054710,1.10988900,0.12003940,1.81489400,0.00000000,3.32325700,0.00000000,3.32600400,0.04879650,3.33137600,0.09564114,3.72761500,0.00000000,0.03903720,1.10915600,0.00000000,0.60805800,5.19786000,0.01623930,5.06922000,11.45719000,1.00517600
2026-09-22T08:30:43,2966.45,b8f8132e,,68.1,67.8,0x0,-,-,3000,99.8,0.46,5179,0,5484,llama-server,210,0.00299145,0.79941320,0.48308540,0.80292960,0.19030640,1.11062200,0.14248580,1.82466200,0.00000000,3.32508800,0.00000000,3.31776200,0.04782057,3.32766400,0.09173742,3.72761500,0.00000000,0.23422320,1.10805800,0.01274520,0.60622650,4.97274000,0.01599510,4.97408000,7.99235000,1.00893700
2026-09-22T08:30:44,2967.45,b8f8132e,,71.4,71.0,0x0,-,-,3000,100.0,0.75,5179,0,5639,llama-server,229,0.00299145,0.79970620,0.39817940,0.80109810,0.17469150,1.10805800,0.12784680,1.81635900,0.00000000,3.32234100,0.00000000,3.32417200,0.04782057,3.32024100,0.09271335,3.72575900,0.00000000,0.12101530,1.11025500,0.01764720,0.60659280,5.10272000,0.01562880,5.10272000,15.15421000,1.01001100
2026-09-22T08:30:45,2968.45,b8f8132e,,70.3,70.0,0x0,-,-,3000,100.0,0.75,5178,0,5670,llama-server,243,0.00341880,0.79912020,0.42940920,0.79816780,0.20006570,1.10915600,0.13175060,1.81098700,0.00000000,3.32508800,0.00000000,3.32600400,0.04977243,3.32302500,0.09368929,3.73782300,0.00000000,0.12882280,1.10915600,0.02303940,0.60219720,5.06386000,0.01550670,5.00624000,13.65397000,1.00544500
2026-09-22T08:30:46,2969.46,b8f8132e,,69.2,68.8,0x0,-,-,3000,99.5,0.75,5182,0,5680,llama-server,256,0.00293040,0.79882700,0.39915540,0.80109810,0.17664330,1.10769100,0.13077460,1.81929000,0.00000000,3.32600400,0.00000000,3.32600400,0.04879650,3.32395300,0.09856894,3.73039900,0.00000000,0.12687090,1.10512700,0.03529440,0.60036570,5.04644000,0.01550670,5.01294000,13.90401000,1.00329600
2026-09-22T08:30:47,2970.46,b8f8132e,,73.0,72.7,0x0,-,-,3000,100.0,0.75,5212,0,5711,llama-server,266,0.00293040,0.79882700,0.50065210,0.79890030,0.17957110,1.10879000,0.14248580,1.81440600,0.00000000,3.32142500,0.00000000,3.32417200,0.04489278,3.32488100,0.09661707,3.71091200,0.00000000,0.24983810,1.11062200,0.02205900,0.60366240,5.10272000,0.01550670,5.26352000,6.35816000,0.99684880
2026-09-22T08:30:48,2971.46,b8f8132e,,73.0,72.7,0x0,-,-,3000,100.0,0.75,5219,0,5747,llama-server,275,0.00305250,0.79912020,0.43624070,0.80183080,0.19908970,1.10915600,0.12979870,1.81440600,0.00000000,3.32600400,0.00000000,3.32600400,0.04586871,3.32302500,0.09564114,3.72668700,0.00000000,0.15614880,1.10659200,0.02500020,0.60329610,5.01830000,0.01562880,5.05984000,13.29677000,0.99684880
2026-09-22T08:30:49,2972.45,b8f8132e,,70.8,71.6,0x0,-,-,3000,100.0,1.01,5227,0,5777,llama-server,283,0.00293040,0.79824100,0.39037200,0.80036550,0.17859520,1.10732500,0.12589500,1.82124300,0.00000000,3.32234100,0.00000000,3.32600400,0.06148359,3.32116900,0.09661707,3.72483100,0.00000000,0.06929103,1.10879000,0.01127460,0.60073200,5.10138000,0.01587300,5.10138000,7.13507000,1.00759400
2026-09-22T08:30:50,2973.45,b8f8132e,,65.9,65.5,0x0,-,-,3000,100.0,1.01,5209,0,5812,llama-server,290,0.00305250,0.79941320,0.46844640,0.79963290,0.17957110,1.10805800,0.13077460,1.80463800,0.00000000,3.32325700,0.00000000,3.32417200,0.04684464,3.32024100,0.09173742,3.72575900,0.00000000,0.19518600,1.10879000,0.03774540,0.60183090,5.07726000,0.01550670,5.08932000,6.45639000,1.00571300
2026-09-22T08:30:51,2974.46,b8f8132e,,64.2,63.4,0x0,-,-,3000,100.0,1.01,5219,0,5837,llama-server,296,0.00286935,0.79941320,0.48991690,0.80073180,0.17957110,1.10915600,0.13467840,1.82222000,0.00000000,3.32600400,0.00000000,3.32417200,0.04782057,3.31652900,0.09661707,3.71091200,0.00000000,0.27326040,1.10659200,0.01274520,0.60366240,5.10272000,0.01575090,5.07994000,7.37618000,1.00705600
2026-09-22T08:30:52,2975.45,b8f8132e,,65.9,65.5,0x0,-,-,3000,99.7,1.01,5224,0,5857,llama-server,301,0.00293040,0.79941320,0.48210940,0.80146440,0.17859520,1.10915600,0.12979870,1.81635900,0.00000000,3.32142500,0.00000000,3.32417200,0.04586871,3.32580900,0.09076149,3.72668700,0.00000000,0.31424950,1.10622600,0.07500060,0.60219720,5.05850000,0.01575090,5.12416000,7.67980000,1.00571300
2026-09-22T08:30:53,2976.46,b8f8132e,,64.8,64.5,0x0,-,-,3000,100.0,1.01,5233,0,5889,llama-server,306,0.00262515,0.79912020,0.49479650,0.79963290,0.17664330,1.10769100,0.13565430,1.81098700,0.00000000,3.32234100,0.00000000,3.32234100,0.05465208,3.31931300,0.09759300,3.72668700,0.00000000,0.31717730,1.10805800,0.09804000,0.60036570,5.16704000,0.01575090,5.15364000,8.04593000,1.00544500
2026-09-22T08:30:54,2977.56,b8f8132e,,65.3,65.0,0x0,-,-,3000,100.0,1.25,5239,0,5926,llama-server,311,0.00280830,0.79794790,0.49870020,0.80036550,0.17859520,1.10988900,0.13272650,1.81196400,0.00000000,3.32508800,0.00000000,3.32508800,0.04782057,3.32209700,0.09954486,3.72668700,0.00000000,0.31815320,1.10586000,0.09951061,0.60256350,5.17642000,0.01575090,5.07994000,8.36741000,1.01430900
2026-09-22T08:30:55,2978.46,b8f8132e,,63.7,63.9,0x0,-,-,3000,100.0,1.25,5245,0,5935,llama-server,315,0.00286935,0.79941320,0.48698910,0.80146440,0.17859520,1.10732500,0.13272650,1.81196400,0.00000000,3.32142500,0.00000000,3.32417200,0.05465208,3.32024100,0.09759300,3.73411100,0.00000000,0.24983810,1.10659200,0.06519660,0.60219720,5.10808000,0.01550670,5.07592000,7.02791000,1.00114700
2026-09-22T08:30:56,2979.46,b8f8132e,,64.8,64.5,0x0,-,-,3000,100.0,1.25,5250,0,5957,llama-server,318,0.00286935,0.79941320,0.47918160,0.80109810,0.17859520,1.11062200,0.13663020,1.81635900,0.00000000,3.32142500,0.00000000,3.32600400,0.04684464,3.32302500,0.09564114,3.72483100,0.00000000,0.28204380,1.10659200,0.07353001,0.60146460,5.12416000,0.01550670,5.07994000,6.76893900,1.00678800
2026-09-22T08:30:57,2980.45,b8f8132e,,65.3,65.0,0x0,-,-,3000,100.0,1.25,5255,0,5988,llama-server,322,0.00262515,0.79941320,0.47430200,0.80073180,0.17859520,1.10732500,0.13565430,1.82563900,0.00000000,3.32417200,0.00000000,3.32417200,0.04489278,3.34065600,0.09271335,3.72947100,0.00000000,0.32400880,1.10695900,0.09313800,0.60183090,5.13488000,0.01587300,5.08128000,6.90289000,1.00571300
2026-09-22T08:30:58,2981.46,b8f8132e,,63.7,63.4,0x0,-,-,3000,100.0,1.25,5261,0,6004,llama-server,325,0.00293040,0.79912020,0.49870020,0.79999920,0.18054710,1.11025500,0.13760610,1.82515100,0.00000000,3.32600400,0.00000000,3.32600400,0.04294092,3.32116900,0.09368929,3.72947100,0.00000000,0.17273960,1.10695900,0.07353001,0.60256350,5.09870000,0.01550670,5.14024000,6.81359000,1.00114700
2026-09-22T08:30:59,2982.46,b8f8132e,,65.3,65.0,0x0,-,-,3000,100.0,1.47,5270,0,6032,llama-server,328,0.00262515,0.79912020,0.47820570,0.80183080,0.17859520,1.10732500,0.12979870,1.81001000,0.00024420,3.32325700,0.00000000,3.32142500,0.05074836,3.31374500,0.09661707,3.72761500,0.00000000,0.29863460,1.10695900,0.06519660,0.60219720,5.07994000,0.01599510,5.07324000,7.51013000,1.01538400
2026-09-22T08:31:00,2983.46,b8f8132e,,64.8,63.4,0x0,-,-,3000,100.0,1.47,5274,0,6044,llama-server,330,0.00299145,0.79941320,0.49284470,0.79963290,0.19811380,1.10732500,0.13272650,1.81440600,0.00000000,3.32325700,0.00000000,3.32600400,0.04782057,3.32766400,0.09173742,3.72668700,0.00000000,0.30351420,1.10915600,0.00588240,0.59999940,5.14426000,0.01599510,5.11076000,6.34030000,1.00625100
2026-09-22T08:31:01,2984.46,b8f8132e,,63.7,63.4,0x0,-,-,3000,100.0,1.47,5275,0,6069,llama-server,332,0.00293040,0.79941320,0.49382060,0.80146440,0.18152300,1.10915600,0.13467840,1.81635900,0.00000000,3.32508800,0.00000000,3.32508800,0.05270022,3.32580900,0.08978556,3.72575900,0.00000000,0.24983810,1.10586000,0.03578460,0.60219720,5.08128000,0.01599510,5.13488000,6.97433000,1.00678800
2026-09-22T08:31:02,2985.46,b8f8132e,,63.7,63.4,0x0,-,-,3000,100.0,1.47,5278,0,6080,llama-server,335,0.00299145,0.79912020,0.50162800,0.80292960,0.17957110,1.10732500,0.13565430,1.80952200,0.00000000,3.33699300,0.00000000,3.32600400,0.04879650,3.31931300,0.09661707,3.72761500,0.00000000,0.21958430,1.10769100,0.08872620,0.60073200,5.11344000,0.01538460,5.12282000,6.93861000,1.00383300
2026-09-22T08:31:03,2986.46,b8f8132e,,63.7,63.4,0x0,-,-,3000,100.0,1.47,5282,0,6108,llama-server,337,0.00311355,0.79941320,0.48796500,0.80183080,0.18054710,1.10915600,0.13370240,1.81098700,0.00000000,3.32692000,0.00000000,3.32142500,0.05367615,3.32302500,0.09564114,3.71833600,0.00000000,0.26350110,1.10586000,0.04264740,0.60183090,5.11076000,0.01599510,5.13354000,6.49211000,1.00437000
2026-09-22T08:31:04,2987.46,b8f8132e,,65.3,65.0,0x0,-,-,3000,100.0,1.67,5287,0,6118,llama-server,339,0.00293040,0.79912020,0.48698910,0.80183080,0.17859520,1.10586000,0.13175060,1.80659200,0.00000000,3.32142500,0.00000000,3.32417200,0.05172429,3.32116900,0.10540040,3.72761500,0.00000000,0.21958430,1.10586000,0.03186300,0.60183090,5.10272000,0.01562880,5.08128000,6.44746000,1.00490700
2026-09-22T08:31:05,2988.46,b8f8132e,,65.3,65.0,0x0,-,-,3000,100.0,1.67,5288,0,6136,llama-server,341,0.00293040,0.79941320,0.47332600,0.80146440,0.17859520,1.10439400,0.13565430,1.80952200,0.00012210,3.32417200,0.00000000,3.32417200,0.04489278,3.32116900,0.09661707,3.72761500,0.00000000,0.24886210,1.10769100,0.01862760,0.60219720,5.10406000,0.01550670,5.11746000,6.02775000,1.00463900
2026-09-22T08:31:06,2989.45,b8f8132e,,66.4,66.1,0x0,-,-,3000,100.0,1.67,5291,0,6161,llama-server,342,0.00305250,0.79941320,0.37085340,0.80256330,0.18054710,1.10732500,0.12003940,1.81929000,0.00000000,3.32325700,0.00000000,3.32600400,0.04489278,3.32952100,0.09661707,3.72761500,0.00000000,0.00390372,1.11208700,0.00000000,0.60109830,5.12550000,0.01562880,5.13220000,4.86685000,1.00517600
2026-09-22T08:31:07,2990.48,b8f8132e,,64.2,63.9,0x0,-,-,3000,98.8,1.67,5292,0,6165,llama-server,344,0.00305250,0.79941320,0.47625380,0.79816780,0.17859520,1.10805800,0.13760610,1.81098700,0.00000000,3.32508800,0.00000000,3.32417200,0.04684464,3.31745700,0.09076149,3.72761500,0.00000000,0.23422320,1.10695900,0.03970620,0.60146460,5.10674000,0.01550670,5.11344000,6.48317900,1.00329600
2026-09-22T08:31:08,2991.46,b8f8132e,,65.3,63.9,0x0,-,-,3000,100.0,1.67,5295,0,6185,llama-server,345,0.00299145,0.79912020,0.49577240,0.80146440,0.17957110,1.11062200,0.13858210,1.80659200,0.00000000,3.32417200,0.00000000,3.32600400,0.05172429,3.31838500,0.09368929,3.73039900,0.00000000,0.30449020,1.10659200,0.02745120,0.60036570,5.11210000,0.01587300,5.11880000,6.48317900,1.00598200
2026-09-22T08:31:09,2992.46,b8f8132e,,66.4,66.1,0x0,-,-,3000,100.0,1.86,5297,0,6199,llama-server,347,0.00293040,0.79941320,0.48406130,0.80146440,0.17957110,1.10805800,0.13272650,1.82515100,0.00000000,3.32234100,0.00000000,3.32417200,0.05172429,3.33323200,0.09564114,3.73782300,0.00000000,0.27130850,1.10842400,0.04166700,0.60146460,5.09066000,0.01599510,5.08128000,6.19742000,1.00490700
2026-09-22T08:31:10,2993.47,b8f8132e,,64.2,63.9,0x0,-,-,3000,100.0,1.86,5300,0,6211,llama-server,348,0.00293040,0.79941320,0.49479650,0.80073180,0.17859520,1.10805800,0.13467840,1.81098700,0.00000000,3.32325700,0.00000000,3.32600400,0.06343545,3.31931300,0.09466522,3.72668700,0.00000000,0.30449020,1.10732500,0.07303980,0.60036570,5.08128000,0.01587300,5.12148000,6.67964000,1.00410200
2026-09-22T08:31:11,2994.46,b8f8132e,,65.9,65.5,0x0,-,-,3000,100.0,1.86,5299,0,6220,llama-server,349,0.00262515,0.79912020,0.50357990,0.79999920,0.18933040,1.10915600,0.13467840,1.81489400,0.00000000,3.32325700,0.00000000,3.32783600,0.04391685,3.32766400,0.09368929,3.72761500,0.00000000,0.28789930,1.10842400,0.07205940,0.60366240,5.12416000,0.01575090,5.09066000,6.82252000,1.00517600
2026-09-22T08:31:12,2995.46,b8f8132e,,65.3,65.0,0x0,-,-,3000,100.0,1.86,5299,0,6247,llama-server,350,0.00299145,0.79912020,0.49284470,0.80292960,0.18054710,1.10732500,0.13565430,1.83052300,0.00000000,3.32142500,0.00000000,3.32417200,0.04586871,3.32302500,0.09759300,3.72575900,0.00000000,0.31522540,1.10695900,0.09558901,0.60219720,5.18848000,0.01575090,5.09736000,8.37634000,1.00437000
2026-09-22T08:31:13,2996.47,b8f8132e,,66.4,66.1,0x0,-,-,3000,100.0,1.86,5301,0,6261,llama-server,351,0.00311355,0.79677580,0.51919480,0.80146440,0.18249890,1.11062200,0.13760610,1.80463800,0.00000000,3.32417200,0.00000000,3.32600400,0.05562801,3.32580900,0.09661707,3.71833600,0.00000000,0.18737860,1.10695900,0.07156921,0.60292980,5.11746000,0.01599510,5.12148000,6.27779000,1.00571300
2026-09-22T08:31:14,2997.46,b8f8132e,,65.9,65.5,0x0,-,-,3000,100.0,2.03,5302,0,6272,llama-server,353,0.00299145,0.79677580,0.48698910,0.79963290,0.19225820,1.11062200,0.13565430,1.81489400,0.00000000,3.32508800,0.00000000,3.32417200,0.04782057,3.32302500,0.09564114,3.72854300,0.00000000,0.24203070,1.10549400,0.09068700,0.59963310,5.10272000,0.01587300,5.14292000,6.99219000,1.00517600
2026-09-22T08:31:15,2998.46,b8f8132e,,66.4,66.1,0x0,-,-,3000,100.0,2.03,5302,0,6277,llama-server,354,0.00317460,0.79824100,0.50162800,0.79963290,0.18054710,1.11062200,0.16200440,1.80903400,0.00000000,3.32050900,0.00000000,3.32692000,0.08783370,3.33323200,0.09271335,3.71833600,0.00000000,0.21860830,1.10549400,0.02009820,0.59999940,5.10272000,0.01538460,5.08128000,6.20635000,1.00114700
2026-09-22T08:31:16,2999.47,b8f8132e,,65.9,65.5,0x0,-,-,3000,100.0,2.03,5302,0,6294,llama-server,355,0.00293040,0.79882700,0.49284470,0.80146440,0.17859520,1.10732500,0.13663020,1.82661600,0.00000000,3.32508800,0.00000000,3.32417200,0.05172429,3.33323200,0.09076149,3.72947100,0.00000000,0.25862150,1.10659200,0.04215720,0.60219720,5.13354000,0.01538460,5.11210000,7.75123900,1.00625100
2026-09-22T08:31:17,3000.46,b8f8132e,,65.9,65.5,0x0,-,-,3000,100.0,2.03,5304,0,6298,llama-server,356,0.00262515,0.79941320,0.49577240,0.80146440,0.18054710,1.10879000,0.14053390,1.80073100,0.00000000,3.32142500,0.00000000,3.32417200,0.04879650,3.33044800,0.09466522,3.72483100,0.00000000,0.22251200,1.10622600,0.08431440,0.60292980,5.11880000,0.01550670,5.12282000,7.42975900,1.00625100
2026-09-22T08:31:18,3001.46,b8f8132e,,67.0,66.7,0x0,-,-,3000,100.0,2.03,5305,0,6317,llama-server,356,0.00311355,0.79912020,0.47235010,0.79853400,0.17761930,1.10695900,0.13370240,1.81684800,0.00000000,3.31959400,0.00000000,3.32417200,0.05172429,3.33323200,0.09564114,3.72947100,0.00000000,0.25764550,1.10366200,0.02549040,0.60036570,5.14426000,0.01526250,5.06788000,7.03684000,1.00571300
2026-09-22T08:31:19,3002.46,b8f8132e,,64.8,64.5,0x0,-,-,3000,100.0,2.19,5305,0,6333,llama-server,357,0.00262515,0.79912020,0.48894090,0.79963290,0.17957110,1.10732500,0.13760610,1.82515100,0.00000000,3.32142500,0.00000000,3.32417200,0.05367615,3.33323200,0.09661707,3.72297600,0.00000000,0.19421010,1.10659200,0.08970660,0.60366240,5.09066000,0.01587300,5.09200000,6.42960000,1.00410200
2026-09-22T08:31:20,3003.46,b8f8132e,,66.4,66.1,0x0,-,-,3000,100.0,2.19,5307,0,6339,llama-server,358,0.00286935,0.79882700,0.50162800,0.79999920,0.17957110,1.10732500,0.13467840,1.81196400,0.00000000,3.31959400,0.00000000,3.32600400,0.04782057,3.32395300,0.09466522,3.72668700,0.00000000,0.32010500,1.10586000,0.09853020,0.60219720,5.16034000,0.01538460,5.15632000,8.17095000,1.00490700
2026-09-22T08:31:21,3004.46,b8f8132e,,65.3,66.1,0x0,-,-,3000,100.0,2.19,5306,0,6350,llama-server,359,0.00341880,0.79941320,0.49772430,0.79963290,0.17859520,1.10915600,0.13272650,1.81489400,0.00000000,3.32600400,0.00000000,3.32508800,0.04879650,3.32302500,0.09954486,3.71833600,0.00000000,0.31424950,1.10659200,0.10098120,0.60036570,5.13622000,0.01599510,5.16704000,8.55493900,1.00517600
2026-09-22T08:31:22,3005.47,b8f8132e,,67.0,66.7,0x0,-,-,3000,100.0,2.19,5304,0,6369,llama-server,360,0.00299145,0.79912020,0.48601320,0.80146440,0.17957110,1.10732500,0.13467840,1.81782500,0.00000000,3.32234100,0.00000000,3.32508800,0.04782057,3.32395300,0.09564114,3.72483100,0.00000000,0.24105470,1.10769100,0.07941240,0.60256350,5.13756000,0.01562880,5.09870000,6.76001000,1.00786200
2026-09-22T08:31:23,3006.46,b8f8132e,,66.4,65.5,0x0,-,-,3000,100.0,2.19,5303,0,6384,llama-server,360,0.00305250,0.79794790,0.46454270,0.80036550,0.17957110,1.11062200,0.13272650,1.81538300,0.00000000,3.32508800,0.00000000,3.32142500,0.04977243,3.32302500,0.09368929,3.72854300,0.00000000,0.28009190,1.10659200,0.03088260,0.60366240,5.10942000,0.01550670,5.12282000,6.74215000,1.00490700
2026-09-22T08:31:24,3007.46,b8f8132e,,65.3,65.0,0x0,-,-,3000,100.0,2.33,5304,0,6396,llama-server,361,0.00293040,0.79941320,0.47722980,0.80219700,0.18152300,1.10732500,0.13175060,1.82075500,0.00000000,3.32325700,0.00000000,3.32508800,0.05562801,3.32488100,0.09466522,3.72761500,0.00000000,0.24105470,1.10586000,0.03970620,0.60073200,5.11210000,0.01575090,5.11076000,5.87594000,1.00463900
2026-09-22T08:31:25,3008.46,b8f8132e,,65.3,65.0,0x0,-,-,3000,100.0,2.33,5305,0,6393,llama-server,362,0.00293040,0.79882700,0.48406130,0.80219700,0.17859520,1.10732500,0.13467840,1.82124300,0.00000000,3.32417200,0.00000000,3.32600400,0.05270022,3.32302500,0.09466522,3.73132700,0.00000000,0.25179000,1.10622600,0.03970620,0.60183090,5.11746000,0.01562880,5.10674000,5.97417000,1.00598200
2026-09-22T08:31:26,3009.46,b8f8132e,,66.4,66.1,0x0,-,-,3000,100.0,2.33,5306,0,6404,llama-server,362,0.00286935,0.79882700,0.49089280,0.80073180,0.20104160,1.11062200,0.12979870,1.80659200,0.00000000,3.32417200,0.00000000,3.32600400,0.05074836,3.31652900,0.09661707,3.71091200,0.00000000,0.30156240,1.10695900,0.07205940,0.60402870,5.10808000,0.01587300,5.09200000,7.02791000,1.00598200
2026-09-22T08:31:27,3010.46,b8f8132e,,67.0,66.7,0x0,-,-,3000,100.0,2.33,5306,0,6417,llama-server,363,0.00286935,0.79912020,0.49772430,0.80146440,0.18152300,1.10732500,0.13858210,1.81733600,0.00000000,3.32417200,0.00000000,3.32600400,0.04294092,3.32952100,0.09368929,3.72575900,0.00000000,0.18542670,1.10842400,0.08725560,0.60329610,5.12416000,0.01526250,5.06922000,5.92952000,1.00410200
2026-09-22T08:31:28,3011.46,b8f8132e,,67.0,66.7,0x0,-,-,3000,100.0,2.33,5308,0,6425,llama-server,364,0.00299145,0.79941320,0.46454270,0.80109810,0.17957110,1.10769100,0.13565430,1.80903400,0.00000000,3.32142500,0.00000000,3.32600400,0.04294092,3.32024100,0.09173742,3.72668700,0.00000000,0.26447700,1.10769100,0.03921600,0.60292980,5.11746000,0.01587300,5.14024000,6.50103900,1.00114700
2026-09-22T08:31:29,3012.46,b8f8132e,,67.0,66.7,0x0,-,-,3000,100.0,2.47,5309,0,6428,llama-server,364,0.00293040,0.79941320,0.48698910,0.79999920,0.20104160,1.10805800,0.14150990,1.82222000,0.00000000,3.32600400,0.00000000,3.32692000,0.04879650,3.32952100,0.10052080,3.72854300,0.00000000,0.24203070,1.10695900,0.08284381,0.60366240,5.10272000,0.01514040,5.12684000,6.97433000,1.00490700
2026-09-22T08:31:30,3013.46,b8f8132e,,65.9,65.5,0x0,-,-,3000,100.0,2.47,5310,0,6433,llama-server,365,0.00286935,0.79941320,0.53090590,0.80036550,0.17859520,1.10622600,0.13370240,1.81098700,0.00000000,3.32417200,0.00000000,3.32417200,0.06050766,3.32024100,0.10052080,3.73782300,0.00000000,0.26350110,1.10659200,0.05833380,0.60219720,5.11076000,0.01587300,5.13220000,6.88503000,1.00571300
2026-09-22T08:31:31,3014.46,b8f8132e,,66.4,66.1,0x0,-,-,3000,100.0,2.47,5309,0,6450,llama-server,365,0.00299145,0.79882700,0.48796500,0.80292960,0.18152300,1.10805800,0.13565430,1.80659200,0.00000000,3.32417200,0.00000000,3.32600400,0.05172429,3.32673600,0.09759300,3.72575900,0.00000000,0.18737860,1.10915600,0.08578500,0.60183090,5.12416000,0.01538460,5.09200000,7.00112000,1.00571300
2026-09-22T08:31:32,3015.56,b8f8132e,,65.3,65.0,0x0,-,-,3000,100.0,2.47,5309,0,6468,llama-server,366,0.00286935,0.79941320,0.46454270,0.79963290,0.18249890,1.10439400,0.13858210,1.82173200,0.00000000,3.32417200,0.00000000,3.32417200,0.04782057,3.31745700,0.09466522,3.72575900,0.00000000,0.31424950,1.10769100,0.08529480,0.60256350,5.10272000,0.01538460,5.10406000,6.72429000,1.00625100
2026-09-22T08:31:33,3016.46,b8f8132e,,67.5,67.2,0x0,-,-,3000,100.0,2.47,5309,0,6469,llama-server,366,0.00305250,0.79853400,0.50260400,0.79963290,0.18054710,1.10805800,0.13370240,1.81391700,0.00000000,3.32234100,0.00000000,3.32508800,0.04684464,3.32302500,0.09759300,3.72668700,0.00000000,0.26838080,1.10622600,0.08627521,0.60073200,5.13488000,0.01575090,5.09066000,6.93861000,1.00571300
2026-09-22T08:31:34,3017.47,b8f8132e,,67.0,66.7,0x0,-,-,3000,100.0,2.59,5310,0,6472,llama-server,367,0.00311355,0.79853400,0.48015760,0.80183080,0.17761930,1.10805800,0.13077460,1.81098700,0.00000000,3.32142500,0.00000000,3.32600400,0.05757987,3.31838500,0.09954486,3.72947100,0.00000000,0.28301970,1.10805800,0.05147100,0.60146460,5.07860000,0.01526250,5.04912000,6.71536000,1.00678800
2026-09-22T08:31:35,3018.46,b8f8132e,,65.9,66.1,0x0,-,-,3000,100.0,2.59,5310,0,6483,llama-server,367,0.00305250,0.79912020,0.46844640,0.80036550,0.17859520,1.11025500,0.14150990,1.81733600,0.00000000,3.32325700,0.00000000,3.32325700,0.04782057,3.33323200,0.09368929,3.72575900,0.00000000,0.30449020,1.10842400,0.06813780,0.60219720,5.12148000,0.01550670,5.11478000,7.06363000,1.00544500
2026-09-22T08:31:36,3019.46,b8f8132e,,67.0,66.7,0x0,-,-,3000,100.0,2.59,5310,0,6493,llama-server,368,0.00293040,0.79941320,0.49479650,0.80146440,0.17664330,1.10879000,0.13272650,1.81098700,0.00012210,3.32234100,0.00000000,3.32600400,0.05953173,3.32952100,0.09466522,3.72575900,0.00000000,0.28009190,1.10879000,0.03284340,0.60256350,5.14694000,0.01501830,5.12416000,6.69750000,1.00625100
2026-09-22T08:31:37,3020.47,b8f8132e,,66.4,66.1,0x0,-,-,3000,100.0,2.59,5309,0,6492,llama-server,368,0.00311355,0.79912020,0.46454270,0.79963290,0.17859520,1.10988900,0.13272650,1.81977800,0.00000000,3.32325700,0.00000000,3.32325700,0.05562801,3.32209700,0.10149670,3.72761500,0.00000000,0.31327350,1.11062200,0.07843200,0.60036570,5.10272000,0.01526250,5.11210000,6.51889900,1.00759400
2026-09-22T08:31:38,3021.47,b8f8132e,,68.6,68.3,0x0,-,-,3000,100.0,2.59,5309,0,6500,llama-server,369,0.00286935,0.79794790,0.49967620,0.80036550,0.19128230,1.11062200,0.13565430,1.83052300,0.00000000,3.32417200,0.00000000,3.32600400,0.05367615,3.33323200,0.09564114,3.72668700,0.00000000,0.24593440,1.10915600,0.08725560,0.60219720,5.11612000,0.01514040,5.08798000,5.96524000,1.00705600
2026-09-22T08:31:39,3022.47,b8f8132e,,68.1,67.8,0x0,-,-,3000,100.0,2.70,5310,0,6516,llama-server,369,0.00317460,0.79882700,0.48113350,0.79963290,0.18054710,1.10732500,0.13467840,1.81782500,0.00000000,3.32050900,0.00000000,3.31776200,0.04391685,3.32209700,0.09368929,3.73411100,0.00000000,0.31229760,1.10695900,0.07990261,0.60256350,5.13354000,0.01550670,5.07860000,6.42960000,1.00437000
2026-09-22T08:31:40,3023.47,b8f8132e,,67.0,66.7,0x0,-,-,3000,100.0,2.70,5309,0,6521,llama-server,369,0.00293040,0.79912020,0.47722980,0.80292960,0.17761930,1.10879000,0.14150990,1.82222000,0.00000000,3.32142500,0.00000000,3.32417200,0.04879650,3.30724900,0.09564114,3.72668700,0.00000000,0.30546610,1.10769100,0.05539260,0.59926680,5.11746000,0.01538460,5.12550000,7.12613900,1.00517600
2026-09-22T08:31:41,3024.48,b8f8132e,,67.5,67.2,0x0,-,-,3000,100.0,2.70,5311,0,6523,llama-server,370,0.00293040,0.79912020,0.49772430,0.80036550,0.19030640,1.11062200,0.12882280,1.81098700,0.00000000,3.32508800,0.00000000,3.32417200,0.04879650,3.32024100,0.09759300,3.72575900,0.00000000,0.27033260,1.10769100,0.07156921,0.60183090,5.11344000,0.01538460,5.09602000,5.80449900,1.00517600
2026-09-22T08:31:42,3025.47,b8f8132e,,66.4,66.1,0x0,-,-,3000,100.0,2.70,5310,0,6541,llama-server,370,0.00286935,0.79912020,0.50162800,0.79963290,0.19323410,1.10879000,0.13565430,1.81635900,0.00000000,3.32142500,0.00000000,3.32600400,0.04586871,3.32395300,0.09661707,3.72575900,0.00000000,0.32205690,1.10769100,0.09558901,0.60036570,5.12818000,0.01550670,5.13354000,7.71552000,1.00490700
2026-09-22T08:31:43,3026.47,b8f8132e,,66.4,66.1,0x0,-,-,3000,100.0,2.70,5311,0,6540,llama-server,371,0.00293040,0.79970620,0.49186870,0.80256330,0.17859520,1.10769100,0.13858210,1.80659200,0.00000000,3.32234100,0.00000000,3.32417200,0.04489278,3.32766400,0.09954486,3.72668700,0.00000000,0.19030640,1.10695900,0.08382421,0.60219720,5.09066000,0.01526250,5.06520000,6.98326000,1.00651900
2026-09-22T08:31:44,3027.47,b8f8132e,,68.1,67.8,0x0,-,-,3000,100.0,2.81,5310,0,6554,llama-server,371,0.00293040,0.79941320,0.54359300,0.79963290,0.19518600,1.10732500,0.13467840,1.82466200,0.00006105,3.32417200,0.00000000,3.32417200,0.05074836,3.31745700,0.09368929,3.72668700,0.00000000,0.28106780,1.10769100,0.07009860,0.60183090,5.13890000,0.01550670,5.08664000,6.96540000,1.00463900
2026-09-22T08:31:45,3028.47,b8f8132e,,66.4,66.1,0x0,-,-,3000,100.0,2.81,5309,0,6563,llama-server,371,0.00286935,0.79912020,0.47137420,0.79926660,0.17957110,1.10915600,0.13663020,1.81977800,0.00000000,3.32417200,0.00000000,3.32508800,0.05465208,3.32209700,0.09661707,3.72575900,0.00000000,0.21763240,1.10769100,0.01715700,0.59963310,5.12014000,0.01550670,5.06922000,6.34923000,1.00437000
2026-09-22T08:31:46,3029.47,b8f8132e,,68.1,67.8,0x0,-,-,3000,100.0,2.81,5309,0,6571,llama-server,372,0.00323565,0.79882700,0.49967620,0.80292960,0.18054710,1.10805800,0.13370240,1.83150000,0.00000000,3.32142500,0.00000000,3.32142500,0.05367615,3.32302500,0.09954486,3.72575900,0.00000000,0.32010500,1.10842400,0.09313800,0.60146460,5.11210000,0.01550670,5.08396000,8.67103000,1.01108600
2026-09-22T08:31:47,3030.47,b8f8132e,,67.5,66.1,0x0,-,-,3000,100.0,2.81,5310,0,6577,llama-server,372,0.00299145,0.79912020,0.48406130,0.80146440,0.18054710,1.11062200,0.13370240,1.81098700,0.00000000,3.32417200,0.00000000,3.32234100,0.04879650,3.32395300,0.10052080,3.72761500,0.00000000,0.19616190,1.10769100,0.02549040,0.60366240,5.09066000,0.01501830,5.10138000,6.72429000,1.00571300
2026-09-22T08:31:48,3031.47,b8f8132e,,68.6,67.8,0x0,-,-,3000,100.0,2.81,5311,0,6581,llama-server,372,0.00299145,0.79882700,0.50162800,0.80109810,0.17957110,1.10769100,0.13272650,1.81733600,0.00000000,3.32417200,0.00000000,3.32325700,0.04977243,3.32952100,0.10052080,3.72483100,0.00000000,0.24007880,1.10842400,0.03676500,0.60109830,5.11210000,0.01550670,5.11880000,5.91166000,1.00544500
2026-09-22T08:31:49,3032.47,b8f8132e,,68.6,68.3,0x0,-,-,3000,100.0,2.90,5311,0,6578,llama-server,373,0.00299145,0.79941320,0.43136110,0.80146440,0.18152300,1.10805800,0.13858210,1.81733600,0.00000000,3.32325700,0.00000000,3.32417200,0.05367615,3.32488100,0.10149670,3.72854300,0.00000000,0.20982490,1.10769100,0.09754980,0.59999940,5.10004000,0.01514040,5.07994000,7.18865000,1.00759400
2026-09-22T08:31:50,3033.47,b8f8132e,,67.0,66.7,0x0,-,-,3000,100.0,2.90,5312,0,6586,llama-server,373,0.00305250,0.79677580,0.46454270,0.80292960,0.19128230,1.10879000,0.13467840,1.81880100,0.00000000,3.32417200,0.00000000,3.32600400,0.05367615,3.32302500,0.09368929,3.72761500,0.00000000,0.28887530,1.10586000,0.03137280,0.60036570,5.10138000,0.01562880,5.12818000,7.20651000,1.01001100
2026-09-22T08:31:51,3034.47,b8f8132e,,68.6,68.3,0x0,-,-,3000,100.0,2.90,5313,0,6594,llama-server,373,0.00293040,0.79853400,0.48601320,0.79963290,0.18054710,1.10439400,0.13663020,1.81635900,0.00000000,3.32142500,0.00000000,3.32600400,0.05855580,3.32024100,0.09661707,3.73411100,0.00000000,0.31229760,1.10659200,0.07058880,0.60256350,5.13086000,0.01514040,5.08128000,6.87610000,1.00759400
2026-09-22T08:31:52,3035.47,b8f8132e,,66.4,66.1,0x0,-,-,3000,100.0,2.90,5312,0,6587,llama-server,373,0.00317460,0.79912020,0.48015760,0.80219700,0.20592120,1.10769100,0.13760610,1.80952200,0.00000000,3.32417200,0.00000000,3.32417200,0.04586871,3.32209700,0.09271335,3.72668700,0.00000000,0.32498470,1.10879000,0.07058880,0.60219720,5.13890000,0.01538460,5.12550000,6.51889900,0.99684880
2026-09-22T08:31:53,3036.47,b8f8132e,,68.1,67.8,0x0,-,-,3000,100.0,2.90,5311,0,6597,llama-server,374,0.00286935,0.79853400,0.49577240,0.80292960,0.17859520,1.10879000,0.13370240,1.82661600,0.00000000,3.32234100,0.00000000,3.32142500,0.04586871,3.32116900,0.10149670,3.72947100,0.00000000,0.31522540,1.10586000,0.08921641,0.60183090,5.10674000,0.01538460,5.13488000,8.28703900,1.01001100
2026-09-22T08:31:54,3037.47,b8f8132e,,67.5,67.2,0x0,-,-,3000,100.0,3.15,5311,0,6591,llama-server,374,0.00317460,0.79882700,0.48601320,0.79816780,0.17859520,1.10915600,0.12979870,1.82661600,0.00000000,3.32417200,0.00000000,3.32417200,0.05562801,3.32302500,0.09368929,3.72761500,0.00000000,0.30644200,1.10915600,0.08480460,0.60109830,5.12014000,0.01514040,5.08530000,7.07255900,1.00222100
2026-09-22T08:31:55,3038.47,b8f8132e,,69.2,68.8,0x0,-,-,3000,100.0,3.15,5313,0,6605,llama-server,374,0.00293040,0.79794790,0.49674840,0.80146440,0.17859520,1.10805800,0.13565430,1.81733600,0.00000000,3.32142500,0.00000000,3.32600400,0.05465208,3.32209700,0.09466522,3.72947100,0.00000000,0.28204380,1.10622600,0.08872620,0.60109830,5.09066000,0.01514040,5.06922000,6.66178000,1.00598200
2026-09-22T08:31:56,3039.47,b8f8132e,,67.0,66.7,0x0,-,-,3000,100.0,3.15,5312,0,6597,llama-server,374,0.00293040,0.79853400,0.49186870,0.80036550,0.17957110,1.10732500,0.13858210,1.82124300,0.00000000,3.32508800,0.00000000,3.32600400,0.04782057,3.32580900,0.09564114,3.72668700,0.00000000,0.20299340,1.10732500,0.08480460,0.60183090,5.10540000,0.01501830,5.11746000,6.95647000,1.00463900
2026-09-22T08:31:57,3040.47,b8f8132e,,69.2,68.8,0x0,-,-,3000,100.0,3.15,5309,0,6612,llama-server,375,0.00293040,0.79941320,0.50065210,0.79963290,0.18347480,1.10732500,0.13565430,1.83052300,0.00000000,3.32142500,0.00000000,3.32142500,0.05465208,3.32580900,0.10052080,3.72761500,0.00000000,0.26057330,1.10659200,0.00784320,0.60109830,5.09468000,0.01550670,5.07592000,7.22437000,1.01108600
2026-09-22T08:31:58,3041.48,b8f8132e,,68.6,68.3,0x0,-,-,3000,100.0,3.15,5310,0,6610,llama-server,375,0.00262515,0.79882700,0.49870020,0.79999920,0.17664330,1.10732500,0.13370240,1.80952200,0.00000000,3.32142500,0.00000000,3.32417200,0.04391685,3.31838500,0.09368929,3.72575900,0.00000000,0.25179000,1.10659200,0.01029420,0.60292980,5.10406000,0.01550670,5.11210000,6.84931000,1.00437000
2026-09-22T08:31:59,3042.47,b8f8132e,,67.5,67.2,0x0,-,-,3000,100.0,3.22,5310,0,6603,llama-server,375,0.00299145,0.79794790,0.49186870,0.80329590,0.17761930,1.10988900,0.13858210,1.81098700,0.00000000,3.32692000,0.00000000,3.32325700,0.04684464,3.31745700,0.09564114,3.72761500,0.00000000,0.29863460,1.10805800,0.07107900,0.60073200,5.12416000,0.01550670,5.12282000,7.46548000,1.00571300
2026-09-22T08:32:00,3043.48,b8f8132e,,68.1,67.8,0x0,-,-,3000,100.0,3.22,5311,0,6612,llama-server,375,0.00299145,0.79941320,0.49089280,0.80292960,0.19128230,1.11062200,0.13760610,1.81977800,0.00000000,3.32142500,0.00000000,3.32508800,0.04977243,3.31838500,0.06538731,3.72483100,0.00000000,0.30741800,1.10695900,0.00980400,0.60109830,5.12148000,0.01514040,5.10808000,7.03684000,0.99684880
2026-09-22T08:32:01,3044.47,b8f8132e,,67.0,66.7,0x0,-,-,3000,100.0,3.22,5309,0,6616,llama-server,376,0.00305250,0.79941320,0.44112040,0.80073180,0.18152300,1.10732500,0.13467840,1.80073100,0.00000000,3.32234100,0.00000000,3.32508800,0.04586871,3.31188900,0.06538731,3.72390300,0.00000000,0.31620130,1.10695900,0.08480460,0.60256350,5.12282000,0.01501830,5.09200000,6.99219000,1.00517600
2026-09-22T08:32:02,3045.47,b8f8132e,,68.1,67.8,0x0,-,-,3000,100.0,3.22,5307,0,6613,llama-server,376,0.00274725,0.79941320,0.49772430,0.80292960,0.18445080,1.10732500,0.17078780,1.79877700,0.00012210,3.32417200,0.00000000,3.32417200,0.09271335,3.30910500,0.06245952,3.73411100,0.00000000,0.28106780,1.10842400,0.03137280,0.60292980,5.10674000,0.01575090,5.08932000,6.89396000,1.00517600
2026-09-22T08:32:03,3046.46,b8f8132e,,66.4,66.7,0x0,-,-,3000,99.0,3.22,5253,0,6619,llama-server,375,0.00311355,0.79941320,0.36792560,0.79926660,0.17957110,1.10915600,0.12101530,1.82222000,0.00000000,3.32417200,0.00000000,3.32508800,0.04977243,3.32952100,0.07026696,3.72575900,0.00000000,0.01659081,1.11208700,0.00000000,0.59963310,5.06520000,0.01538460,5.04644000,4.87578000,1.00437000
2026-09-22T08:32:04,3047.47,b8f8132e,,68.1,67.8,0x0,-,-,3000,99.5,3.52,5245,0,6618,llama-server,375,0.00293040,0.79941320,0.46259080,0.80219700,0.18054710,1.10915600,0.13565430,1.80952200,0.00000000,3.32142500,0.00000000,3.32417200,0.04977243,3.32302500,0.09856894,3.72947100,0.00000000,0.29473090,1.10512700,0.05637300,0.60439500,5.13354000,0.01538460,5.06520000,6.46531900,1.00678800
2026-09-22T08:32:05,3048.47,b8f8132e,,69.2,68.8,0x0,-,-,3000,100.0,3.52,5243,0,6623,llama-server,375,0.00293040,0.79882700,0.51138740,0.79963290,0.17761930,1.10732500,0.13467840,1.80952200,0.00000000,3.32600400,0.00000000,3.32325700,0.04782057,3.32766400,0.09856894,3.74153500,0.00000000,0.31327350,1.10476100,0.07549080,0.60256350,5.12282000,0.01538460,5.10674000,6.85824000,1.00598200
2026-09-22T08:32:06,3049.48,b8f8132e,,69.7,67.2,0x0,-,-,3000,100.0,3.52,5247,0,6625,llama-server,376,0.00305250,0.79882700,0.49284470,0.79963290,0.18152300,1.10952300,0.13565430,1.82515100,0.00000000,3.32325700,0.00000000,3.32508800,0.05367615,3.32580900,0.09661707,3.71091200,0.00000000,0.31717730,1.10622600,0.08284381,0.60219720,5.14024000,0.01501830,5.09200000,6.78679900,0.99684880
2026-09-22T08:32:07,3050.48,b8f8132e,,67.5,67.2,0x0,-,-,3000,99.8,3.52,5253,0,6625,llama-server,376,0.00293040,0.79912020,0.46063900,0.80146440,0.17469150,1.10879000,0.13760610,1.81635900,0.00000000,3.32325700,0.00000000,3.32417200,0.04782057,3.32580900,0.09173742,3.72947100,0.00000000,0.31522540,1.10732500,0.01470600,0.60036570,5.07994000,0.01538460,5.06788000,7.19758000,0.99631160
2026-09-22T08:32:08,3051.48,b8f8132e,,68.6,68.3,0x0,-,-,3000,100.0,3.52,5258,0,6629,llama-server,376,0.00262515,0.79912020,0.49186870,0.79963290,0.18054710,1.10988900,0.13467840,1.82222000,0.00000000,3.32142500,0.00000000,3.32417200,0.04489278,3.31745700,0.10052080,3.73039900,0.00000000,0.18737860,1.10805800,0.07549080,0.60219720,5.09066000,0.01562880,5.06386000,6.17956000,1.00651900
2026-09-22T08:32:09,3052.48,b8f8132e,,67.5,68.3,0x0,-,-,3000,99.5,3.72,5262,0,6626,llama-server,376,0.00299145,0.79941320,0.49186870,0.80146440,0.18054710,1.10805800,0.13272650,1.81098700,0.00000000,3.32325700,0.00000000,3.32508800,0.05855580,3.31560100,0.09466522,3.72854300,0.00000000,0.19518600,1.10586000,0.03921600,0.60073200,5.11880000,0.01501830,5.11880000,7.32259900,1.00544500
2026-09-22T08:32:10,3053.48,b8f8132e,,68.6,67.8,0x0,-,-,3000,99.8,3.72,5262,0,6626,llama-server,376,0.00305250,0.79882700,0.41477020,0.80183080,0.17957110,1.10732500,0.14053390,1.81831300,0.00000000,3.32600400,0.00000000,3.32417200,0.04391685,3.32302500,0.09954486,3.71833600,0.00000000,0.23910290,1.10586000,0.07353001,0.60073200,5.12282000,0.01562880,5.13488000,6.09026000,1.00705600
2026-09-22T08:32:11,3054.47,b8f8132e,,68.6,68.3,0x0,-,-,3000,100.0,3.72,5265,0,6641,llama-server,376,0.00286935,0.79853400,0.48991690,0.80329590,0.17566740,1.10732500,0.13760610,1.81098700,0.00000000,3.32600400,0.00000000,3.32417200,0.04879650,3.32580900,0.09856894,3.72668700,0.00000000,0.26447700,1.11062200,0.06176520,0.60292980,5.06922000,0.01538460,5.10138000,6.91181900,1.00544500
2026-09-22T08:32:12,3055.47,b8f8132e,,68.6,68.3,0x0,-,-,3000,100.0,3.72,5268,0,6645,llama-server,377,0.00305250,0.79853400,0.40208320,0.79999920,0.17957110,1.10695900,0.13565430,1.81684800,0.00000000,3.32508800,0.00000000,3.32600400,0.06245952,3.31745700,0.10735230,3.72575900,0.00000000,0.29765870,1.10769100,0.01274520,0.60036570,5.10674000,0.01562880,5.13488000,6.95647000,1.00571300
2026-09-22T08:32:13,3056.48,b8f8132e,,67.5,67.2,0x0,-,-,3000,100.0,3.72,5269,0,6645,llama-server,377,0.00293040,0.79912020,0.47332600,0.80036550,0.19128230,1.10732500,0.13858210,1.81635900,0.00000000,3.32417200,0.00000000,3.32142500,0.04391685,3.31374500,0.10344860,3.72483100,0.00000000,0.18933040,1.10769100,0.08137320,0.60183090,5.12416000,0.01501830,5.10674000,7.17971900,1.00678800
2026-09-22T08:32:14,3057.48,b8f8132e,,69.7,69.4,0x0,-,-,3000,100.0,3.82,5270,0,6644,llama-server,377,0.00286935,0.79882700,0.49186870,0.79963290,0.19908970,1.10915600,0.13955800,1.81098700,0.00000000,3.32142500,0.00000000,3.32417200,0.04684464,3.32302500,0.08978556,3.72761500,0.00000000,0.26545300,1.10732500,0.01176480,0.60366240,5.12818000,0.01538460,5.12416000,7.57263900,1.00329600
2026-09-22T08:32:15,3058.48,b8f8132e,,69.2,68.8,0x0,-,-,3000,100.0,3.82,5272,0,6657,llama-server,377,0.00317460,0.79941320,0.46454270,0.80146440,0.17664330,1.10732500,0.13370240,1.81098700,0.00000000,3.32600400,0.00000000,3.32417200,0.04879650,3.32024100,0.09368929,3.72947100,0.00000000,0.30351420,1.10732500,0.06960840,0.60329610,5.10942000,0.01501830,5.13488000,6.83145000,1.00490700
2026-09-22T08:32:16,3059.48,b8f8132e,,68.1,67.8,0x0,-,-,3000,100.0,3.82,5270,0,6651,llama-server,377,0.00293040,0.79941320,0.49382060,0.80036550,0.18054710,1.10769100,0.13467840,1.82954600,0.00000000,3.32234100,0.00000000,3.32417200,0.04879650,3.31838500,0.09661707,3.72483100,0.00000000,0.31912910,1.10805800,0.09754980,0.60183090,5.13622000,0.01587300,5.07994000,8.51028900,0.99658020
2026-09-22T08:32:17,3060.48,b8f8132e,,69.2,67.8,0x0,-,-,3000,100.0,3.82,5272,0,6666,llama-server,377,0.00299145,0.79882700,0.46649460,0.80109810,0.18152300,1.10988900,0.13760610,1.81098700,0.00000000,3.32142500,0.00000000,3.32417200,0.04684464,3.33137600,0.09466522,3.72668700,0.00000000,0.20006570,1.10732500,0.09313800,0.60183090,5.10406000,0.01526250,5.06520000,7.09041900,1.01054900
2026-09-22T08:32:18,3061.47,b8f8132e,,68.1,67.8,0x0,-,-,3000,100.0,3.82,5273,0,6654,llama-server,378,0.00286935,0.79882700,0.46161490,0.80292960,0.17957110,1.11062200,0.13370240,1.82466200,0.00000000,3.32234100,0.00000000,3.32325700,0.05562801,3.32766400,0.09466522,3.72761500,0.00000000,0.24886210,1.10842400,0.08235360,0.60256350,5.10004000,0.01538460,5.07994000,7.11721000,1.00732500
2026-09-22T08:32:19,3062.47,b8f8132e,,68.6,68.3,0x0,-,-,3000,100.0,3.82,5274,0,6675,llama-server,378,0.00329670,0.79853400,0.46551860,0.80256330,0.19128230,1.11062200,0.13467840,1.82075500,0.00012210,3.32234100,0.00000000,3.32417200,0.04879650,3.32952100,0.10540040,3.72761500,0.00000000,0.21372870,1.10695900,0.04215720,0.60219720,5.15230000,0.01477410,5.12818000,6.25100000,1.00490700
2026-09-22T08:32:20,3063.46,b8f8132e,,64.2,63.9,0x0,-,-,3000,50.0,3.92,7083,0,6681,llama-server,98.1,0.00305250,0.79941320,0.43819260,0.79963290,0.18054710,1.10769100,0.13565430,1.80073100,0.00000000,3.32234100,0.00000000,3.32325700,0.04977243,3.33323200,0.10052080,3.72390300,0.00000000,0.13955800,1.10586000,0.00539220,0.60366240,5.10406000,0.01562880,5.11344000,3.58986000,1.00463900
2026-09-22T08:32:21,3064.46,b8f8132e,,63.1,62.8,0x0,-,-,3000,21.7,3.92,6602,0,5860,llama-server,88.3,0.00317460,0.79941320,0.40013130,0.80219700,0.18152300,1.10732500,0.12589500,1.81538300,0.00000000,3.32325700,0.00000000,3.32417200,0.04879650,3.31745700,0.10149670,3.72483100,0.00000000,0.06831510,1.10732500,0.00343140,0.60366240,5.11746000,0.01587300,5.11612000,3.33982000,1.00410200
2026-09-22T08:32:22,3065.46,b8f8132e,,61.5,61.1,0x0,-,-,3000,19.1,3.92,6458,0,5195,llama-server,80.3,0.00286935,0.79941320,0.38061270,0.80183080,0.18249890,1.10988900,0.12882280,1.81587100,0.00000000,3.32325700,0.00000000,3.32508800,0.05465208,3.32673600,0.10540040,3.72390300,0.00000000,0.03415755,1.10988900,0.00000000,0.60329610,5.13488000,0.01550670,5.10138000,3.58093000,1.00490700
2026-09-22T08:32:23,3066.47,b8f8132e,,62.0,61.1,0x0,-,-,3000,18.3,3.92,5957,0,5181,llama-server,77.4,0.00299145,0.79912020,0.49870020,0.79963290,0.17957110,1.10769100,0.13467840,1.81538300,0.00000000,3.32417200,0.00000000,3.32600400,0.04196499,3.31745700,0.09368929,3.72947100,0.00000000,0.23227130,1.10586000,0.02303940,0.60439500,5.11612000,0.01526250,5.10674000,3.51842000,1.00329600
2026-09-22T08:32:24,3067.47,b8f8132e,,59.8,59.5,0x0,-,-,3000,29.0,3.92,4405,0,5183,llama-server,85.9,0.00317460,0.79882700,0.38158860,0.80183080,0.18249890,1.10769100,0.12296720,1.81098700,0.00000000,3.32417200,0.00000000,3.32508800,0.04489278,3.32209700,0.09564114,3.72761500,0.00000000,0.12979870,1.10732500,0.01568640,0.60512760,5.10138000,0.01550670,5.12952000,1.83065000,1.00490700
2026-09-22T08:32:25,3068.47,b8f8132e,,62.6,62.2,0x0,-,-,3000,25.9,3.76,3817,0,5167,llama-server,87.9,0.00293040,0.79912020,0.43233700,0.80146440,0.18933040,1.10732500,0.12979870,1.81880100,0.00000000,3.32417200,0.00000000,3.32600400,0.04977243,3.33323200,0.09759300,3.72761500,0.00000000,0.10930420,1.10769100,0.00000000,0.59926680,5.12952000,0.01587300,5.11880000,3.00941000,1.00490700
2026-09-22T08:32:26,3069.48,b8f8132e,,71.9,71.6,0x0,-,-,3000,70.2,3.76,3675,0,5631,llama-server,117,0.00299145,0.79912020,0.37670900,0.80256330,0.18054710,1.10842400,0.12491900,1.82515100,0.00000000,3.32783600,0.00000000,3.31776200,0.04684464,3.32580900,0.09954486,3.72668700,0.00000000,0.03122976,1.11355200,0.00000000,0.59816790,5.07994000,0.01562880,5.14560000,10.03732000,1.00759400
2026-09-22T08:32:27,3070.48,b8f8132e,,71.4,71.0,0x0,-,-,3000,99.7,3.76,3636,0,6621,llama-server,153,0.00311355,0.79941320,0.47625380,0.80219700,0.17957110,1.10915600,0.14443760,1.81880100,0.00000000,3.32325700,0.00000000,3.32600400,0.04782057,3.33323200,0.09564114,3.72947100,0.00000000,0.23422320,1.10842400,0.01519620,0.60292980,5.09066000,0.01477410,5.09736000,5.81343000,1.00222100
2026-09-22T08:32:28,3071.48,b8f8132e,,77.4,77.1,0x0,-,-,3000,100.0,3.76,3611,0,7163,llama-server,181,0.00299145,0.79912020,0.38549240,0.80109810,0.17664330,1.10842400,0.12199130,1.81489400,0.00012210,3.32600400,0.00000000,3.32508800,0.04684464,3.32580900,0.09368929,3.71926400,0.00000000,0.03903720,1.10805800,0.00392160,0.60109830,5.13220000,0.01514040,5.07994000,12.14480000,1.00571300
2026-09-22T08:32:29,3072.47,b8f8132e,,78.5,77.1,0x0,-,-,3000,100.0,3.76,3610,0,8472,llama-server,204,0.00274725,0.79794790,0.42452960,0.80219700,0.18152300,1.10732500,0.13175060,1.81733600,0.00006105,3.32600400,0.00000000,3.32325700,0.05270022,3.32488100,0.10247270,3.68121700,0.00000000,0.13175060,1.10988900,0.02156880,0.60439500,5.14560000,0.01452990,5.12952000,12.44842000,1.00383300
2026-09-22T08:32:30,3073.48,b8f8132e,,80.1,79.8,0x0,-,-,3000,100.0,3.94,3610,0,8472,llama-server,222,0.00305250,0.79941320,0.38646830,0.80036550,0.17761930,1.10732500,0.12491900,1.80659200,0.00000000,3.32600400,0.00000000,3.32600400,0.04684464,3.32859200,0.10247270,3.72575900,0.00000000,0.06538731,1.10988900,0.00392160,0.59890050,5.10674000,0.01465200,5.10540000,12.31447000,1.00463900
2026-09-22T08:32:31,3074.47,b8f8132e,,77.9,77.7,0x0,-,-,3000,100.0,3.94,3607,0,8469,llama-server,237,0.00293040,0.79824100,0.38061270,0.80219700,0.18054710,1.10805800,0.12199130,1.82270900,0.00000000,3.31959400,0.00000000,3.32417200,0.04684464,3.31374500,0.09661707,3.71462400,0.00000000,0.04879650,1.10586000,0.00343140,0.60036570,5.10808000,0.01452990,5.14426000,12.37698000,1.00598200
2026-09-22T08:32:32,3075.47,b8f8132e,,78.5,76.5,0x0,-,-,3000,100.0,3.94,3609,0,8488,llama-server,250,0.00390720,0.79794790,0.41672210,0.80183080,0.18249890,1.10439400,0.13077460,1.81782500,0.00000000,3.32234100,0.00000000,3.32417200,0.05172429,3.32209700,0.10247270,3.72761500,0.00000000,0.18737860,1.10805800,0.01323540,0.60329610,5.05448000,0.01501830,5.05850000,12.72525000,1.00544500
2026-09-22T08:32:33,3076.48,b8f8132e,,81.2,81.0,0x80000,-,SOFTTEMP,3000,100.0,3.94,3612,0,8510,llama-server,261,0.00299145,0.79794790,0.39622760,0.80109810,0.18054710,1.10439400,0.12589500,1.81147600,0.00000000,3.32508800,0.00000000,3.31776200,0.05074836,3.32766400,0.10052080,3.72854300,0.00000000,0.03025383,1.10879000,0.00294120,0.60439500,5.12416000,0.01465200,5.10272000,12.35912000,1.00651900
2026-09-22T08:32:34,3077.49,b8f8132e,,77.4,77.1,0x80000,-,SOFTTEMP,3000,100.0,3.94,3613,0,8525,llama-server,270,0.00323565,0.79824100,0.47430200,0.80146440,0.18054710,1.10769100,0.13858210,1.81880100,0.00000000,3.32325700,0.00000000,3.32325700,0.04782057,3.32395300,0.09954486,3.73411100,0.00000000,0.22153610,1.10842400,0.03088260,0.60146460,5.13890000,0.01465200,5.13622000,6.29565000,1.00463900
2026-09-22T08:32:35,3078.49,b8f8132e,,79.6,79.3,0x80000,-,SOFTTEMP,3000,100.0,4.03,3615,0,8549,llama-server,278,0.00299145,0.79882700,0.43916850,0.80109810,0.18152300,1.11062200,0.13370240,1.82466200,0.00012210,3.32234100,0.00000000,3.32600400,0.05074836,3.31003300,0.09954486,3.69699300,0.00000000,0.17859520,1.10769100,0.02549040,0.60183090,5.16704000,0.01404150,5.27424000,13.51109000,1.00625100
2026-09-22T08:32:36,3079.47,b8f8132e,,81.8,81.0,0x80008,SOFTTEMP,SOFTTEMP,3000,100.0,4.03,3616,0,8547,llama-server,285,0.00335775,0.79677580,0.40696280,0.79963290,0.17957110,1.10732500,0.12101530,1.81391700,0.00000000,3.32600400,0.00000000,3.32508800,0.04586871,3.32766400,0.09173742,3.72947100,0.00000000,0.04879650,1.11135400,0.00490200,0.60366240,5.14024000,0.01465200,5.07190000,12.12694000,1.00786200
2026-09-22T08:32:37,3080.48,b8f8132e,,77.9,77.7,0x80000,-,SOFTTEMP,3000,100.0,4.03,3605,0,8547,llama-server,292,0.00299145,0.79794790,0.49479650,0.80146440,0.17957110,1.10915600,0.14150990,1.81733600,0.00000000,3.32142500,0.00000000,3.32142500,0.04684464,3.32395300,0.10052080,3.72204800,0.00000000,0.25179000,1.10659200,0.01568640,0.60439500,5.17105900,0.01465200,5.14560000,6.70643000,1.00544500
2026-09-22T08:32:38,3081.48,b8f8132e,,82.9,82.6,0x80008,SOFTTEMP,SOFTTEMP,3000,100.0,4.03,3583,0,8573,llama-server,297,0.00341880,0.79794790,0.38158860,0.80292960,0.17957110,1.10549400,0.15419700,1.80903400,0.00006105,3.32508800,0.00000000,3.32600400,0.08295405,3.30817700,0.09759300,3.77122900,0.00000000,0.04196499,1.11208700,0.00245100,0.60366240,5.13488000,0.01465200,5.12416000,12.34126000,1.00329600
2026-09-22T08:32:39,3082.48,b8f8132e,,82.9,82.6,0x80000,-,SOFTTEMP,3000,100.0,4.03,3580,0,8608,llama-server,302,0.00299145,0.79794790,0.38549240,0.80329590,0.17957110,1.10879000,0.12199130,1.81733600,0.00000000,3.31409900,0.00000000,3.32692000,0.04489278,3.32580900,0.10149670,3.72854300,0.00000000,0.04879650,1.10439400,0.00196080,0.60366240,5.10138000,0.01465200,5.14426000,11.85904000,1.01001100
2026-09-22T08:32:40,3083.48,b8f8132e,,79.6,78.8,0x80008,SOFTTEMP,SOFTTEMP,3000,100.0,4.11,3582,0,8610,llama-server,307,0.00293040,0.79794790,0.41477020,0.79963290,0.17859520,1.10732500,0.14053390,1.81196400,0.00000000,3.32142500,0.00000000,3.32050900,0.04977243,3.32209700,0.09564114,3.72483100,0.00000000,0.11808750,1.10988900,0.01960800,0.60402870,5.13086000,0.01465200,5.10406000,11.15357000,1.00517600
2026-09-22T08:32:41,3084.48,b8f8132e,,82.3,82.0,0x80000,-,SOFTTEMP,3000,99.3,4.11,3586,0,8625,llama-server,311,0.00311355,0.79794790,0.38158860,0.80146440,0.17957110,1.11062200,0.12296720,1.80903400,0.00018315,3.32325700,0.00000000,3.32600400,0.05465208,3.32766400,0.10052080,3.72668700,0.00000000,0.04879650,1.11172000,0.00245100,0.60366240,5.10138000,0.01465200,5.10808000,11.85011000,1.00490700
2026-09-22T08:32:42,3085.48,b8f8132e,,81.8,81.5,0x80000,-,SOFTTEMP,3000,100.0,4.11,3587,0,8625,llama-server,315,0.00299145,0.79794790,0.42550550,0.80073180,0.19225820,1.10732500,0.13272650,1.80903400,0.00012210,3.32600400,0.00000000,3.32783600,0.04586871,3.32952100,0.10149670,3.68121700,0.00000000,0.12394310,1.10988900,0.01764720,0.60476130,5.07860000,0.01452990,5.06922000,13.11817000,1.00437000
2026-09-22T08:32:43,3086.48,b8f8132e,,83.4,83.2,0x80008,SOFTTEMP,SOFTTEMP,3000,100.0,4.11,3590,0,8653,llama-server,318,0.00293040,0.79794790,0.39037200,0.80439480,0.18054710,1.10879000,0.12101530,1.82124300,0.00006105,3.31409900,0.00000000,3.32600400,0.04586871,3.31745700,0.10637640,3.72854300,0.00000000,0.05855580,1.10732500,0.00392160,0.60366240,5.12416000,0.01489620,5.07994000,12.74311000,1.00571300
2026-09-22T08:32:44,3087.48,b8f8132e,,82.9,82.6,0x80008,SOFTTEMP,SOFTTEMP,3000,100.0,4.11,3592,0,8660,llama-server,321,0.00390720,0.79794790,0.38646830,0.80109810,0.18054710,1.10988900,0.12199130,1.81635900,0.00000000,3.32142500,0.00000000,3.31776200,0.05074836,3.32116900,0.10247270,3.73039900,0.00000000,0.05465208,1.10952300,0.00588240,0.59963310,5.12416000,0.01416360,5.09200000,12.72525000,1.00786200
2026-09-22T08:32:45,3088.50,b8f8132e,,79.0,78.8,0x80000,-,SOFTTEMP,3000,100.0,4.18,3592,0,8688,llama-server,324,0.00311355,0.79853400,0.42257770,0.80036550,0.17957110,1.11025500,0.14053390,1.81929000,0.00000000,3.32234100,0.00000000,3.32234100,0.05562801,3.33323200,0.09466522,3.72668700,0.00000000,0.25666960,1.10879000,0.01862760,0.60183090,5.13890000,0.01404150,5.11210000,6.80466000,1.00571300
2026-09-22T08:32:46,3089.48,b8f8132e,,83.4,82.6,0x80008,SOFTTEMP,SOFTTEMP,3000,100.0,4.18,3594,0,8683,llama-server,327,0.00317460,0.79941320,0.38646830,0.80109810,0.17761930,1.11062200,0.12589500,1.80659200,0.00000000,3.32600400,0.00000000,3.32234100,0.04294092,3.31652900,0.10149670,3.72761500,0.00000000,0.04391685,1.11208700,0.00098040,0.59963310,5.12416000,0.01452990,5.10674000,12.38591000,1.00463900
2026-09-22T08:32:47,3090.48,b8f8132e,,82.3,82.0,0x80008,SOFTTEMP,SOFTTEMP,3000,100.0,4.18,3588,0,8715,llama-server,330,0.00280830,0.79882700,0.42160180,0.80329590,0.18249890,1.10732500,0.13272650,1.82124300,0.00000000,3.32234100,0.00000000,3.31959400,0.06148359,3.31931300,0.09954486,3.68121700,0.00000000,0.13077460,1.10769100,0.01421580,0.60219720,5.08530000,0.01465200,5.16838000,12.87706000,1.01430900
2026-09-22T08:32:48,3091.48,b8f8132e,,82.9,82.0,0x80008,SOFTTEMP,SOFTTEMP,3000,100.0,4.18,3565,0,8713,llama-server,332,0.00317460,0.79853400,0.42160180,0.80219700,0.17957110,1.10732500,0.12199130,1.82368500,0.00000000,3.32600400,0.00000000,3.32325700,0.04196499,3.32302500,0.10052080,3.72575900,0.00000000,0.06148359,1.11062200,0.00000000,0.60073200,5.09066000,0.01404150,5.07994000,12.83241000,1.00087800
2026-09-22T08:32:49,3092.48,b8f8132e,,81.8,81.5,0x80008,SOFTTEMP,SOFTTEMP,3000,100.0,4.18,3561,0,8738,llama-server,334,0.00293040,0.79912020,0.38549240,0.80219700,0.18249890,1.10732500,0.12491900,1.80854500,0.00000000,3.32417200,0.00000000,3.31776200,0.04684464,3.32024100,0.09856894,3.72668700,0.00000000,0.03903720,1.10695900,0.00049020,0.60366240,5.11210000,0.01404150,5.10272000,12.65381000,1.00840000
2026-09-22T08:32:50,3093.49,b8f8132e,,79.6,79.3,0x80000,-,SOFTTEMP,3000,100.0,4.24,3563,0,8756,llama-server,336,0.00341880,0.79824100,0.47039830,0.80146440,0.19128230,1.10439400,0.14150990,1.80903400,0.00000000,3.32234100,0.00000000,3.32142500,0.04684464,3.31745700,0.09954486,3.72854300,0.00000000,0.18835450,1.10879000,0.01519620,0.60219720,5.14426000,0.01416360,5.12550000,7.87626000,1.00517600
2026-09-22T08:32:51,3094.48,b8f8132e,,82.9,82.6,0x80008,SOFTTEMP,SOFTTEMP,3000,100.0,4.24,3563,0,8754,llama-server,338,0.00341880,0.79941320,0.42550550,0.80109810,0.18152300,1.10769100,0.12589500,1.81782500,0.00000000,3.32600400,0.00000000,3.32692000,0.05074836,3.33137600,0.10637640,3.71833600,0.00000000,0.04977243,1.10805800,0.00147060,0.60366240,5.13488000,0.01379730,5.09066000,11.92155000,1.01001100
2026-09-22T08:32:52,3095.48,b8f8132e,,84.5,84.2,0x80000,-,SOFTTEMP,3000,100.0,4.24,3561,0,8764,llama-server,340,0.00415140,0.79941320,0.42648140,0.79999920,0.18152300,1.10732500,0.13077460,1.81196400,0.00000000,3.32417200,0.00000000,3.32417200,0.04196499,3.33137600,0.11028010,3.68956900,0.00000000,0.12003940,1.10732500,0.01960800,0.60402870,5.11210000,0.01465200,5.08396000,12.07336000,0.99684880
2026-09-22T08:32:53,3096.48,b8f8132e,,82.9,82.6,0x80008,SOFTTEMP,SOFTTEMP,3000,100.0,4.24,3565,0,8774,llama-server,341,0.00286935,0.79912020,0.38549240,0.79963290,0.17859520,1.10879000,0.12296720,1.81147600,0.00000000,3.32692000,0.00000000,3.32600400,0.05172429,3.32024100,0.10344860,3.67843300,0.00000000,0.04684464,1.10952300,0.00000000,0.60329610,5.15632000,0.01416360,5.10272000,11.71616000,0.98368650
2026-09-22T08:36:41,205.89,d0a5916f,start,47.2,46.9,0x0,-,-,1900,,0.01,7403,0,0,python3,80.0,0.00293040,0.79941320,0.36402190,0.80292960,0.18054710,1.10805800,0.11906350,1.81098700,0.00000000,3.32417200,0.00000000,3.32692000,0.05172429,3.32952100,0.09954486,3.72390300,0.00000000,0.00195186,1.10695900,0.00000000,0.60292980,5.11344000,0.01709400,5.10674000,1.02695000,0.87408940
2026-09-22T08:36:42,207.00,d0a5916f,,44.4,44.1,0x0,-,-,1600,0.5,0.01,7400,0,0,python3,3.5,0.00299145,0.79941320,0.36207000,0.80256330,0.18054710,1.10695900,0.11613570,1.81733600,0.00000000,3.32417200,0.00000000,3.32692000,0.05074836,3.32488100,0.09856894,3.72390300,0.00000000,0.00585558,1.11025500,0.00000000,0.60073200,5.10272000,0.01672770,5.09870000,0.87514000,0.83325920
2026-09-22T08:36:43,207.90,d0a5916f,,45.0,44.6,0x0,-,-,1500,0.0,0.01,7401,0,0,packagekitd,3.1,0.00293040,0.79912020,0.36402190,0.80292960,0.17859520,1.11062200,0.11418380,1.82954600,0.00000000,3.32600400,0.00000000,3.32692000,0.04684464,3.32580900,0.09368929,3.72575900,0.00000000,0.00292779,1.10732500,0.00000000,0.60549390,5.11076000,0.01709400,5.10004000,0.73226000,0.72312500
2026-09-22T08:36:44,208.90,d0a5916f,,46.1,45.8,0x0,-,-,1500,0.3,0.01,7401,0,0,packagekitd,3.1,0.00317460,0.79941320,0.36499780,0.80329590,0.17761930,1.10879000,0.11223200,1.81782500,0.00000000,3.32600400,0.00000000,3.32692000,0.04294092,3.32116900,0.09661707,3.73411100,0.00000000,0.00292779,1.11172000,0.00000000,0.60549390,5.10674000,0.01746030,5.09870000,0.91979000,0.72258790
2026-09-22T08:36:45,209.90,d0a5916f,,47.7,47.4,0x0,-,-,1500,0.5,0.01,7405,0,0,packagekitd,3.0,0.00293040,0.79941320,0.36499780,0.80183080,0.17957110,1.11062200,0.11320790,1.82124300,0.00000000,3.32417200,0.00000000,3.32600400,0.04782057,3.31931300,0.00000000,3.74153500,0.00000000,0.00000000,1.11208700,0.00000000,0.60549390,5.10808000,0.01758240,5.10540000,0.75012000,0.72285640
2026-09-22T08:36:46,210.90,d0a5916f,,45.0,44.6,0x0,-,-,1500,0.2,0.01,7410,0,0,packagekitd,3.0,0.00286935,0.79941320,0.36499780,0.80256330,0.17957110,1.11062200,0.11418380,1.82075500,0.00000000,3.32508800,0.00000000,3.32783600,0.05074836,3.32395300,0.00097593,3.71091200,0.00000000,0.00097593,1.10805800,0.00000000,0.59926680,5.10674000,0.01672770,5.10406000,0.74118990,0.72231920
2026-09-22T08:36:47,211.90,d0a5916f,,46.1,45.8,0x0,-,-,1500,0.3,0.01,7412,0,0,packagekitd,3.0,0.00286935,0.79941320,0.36499780,0.80256330,0.18933040,1.10879000,0.11515970,1.81684800,0.00000000,3.32325700,0.00000000,3.32600400,0.04489278,3.32488100,0.00000000,3.72668700,0.00000000,0.00683151,1.11355200,0.00000000,0.60146460,5.10808000,0.01709400,5.10138000,0.72333000,0.72231920
2026-09-22T08:36:48,212.90,d0a5916f,,46.6,46.3,0x0,-,-,1500,0.5,0.01,7412,0,0,packagekitd,3.0,0.00293040,0.79912020,0.36694970,0.80292960,0.17859520,1.10988900,0.11613570,1.82173200,0.00000000,3.32417200,0.00000000,3.32600400,0.04782057,3.32116900,0.00000000,3.74153500,0.00000000,0.00292779,1.10732500,0.00000000,0.60659280,5.10674000,0.01733820,5.09870000,0.71440000,0.72231920
2026-09-22T08:36:49,213.90,d0a5916f,,46.6,46.3,0x0,-,-,1500,0.0,0.01,7414,0,0,packagekitd,3.0,0.00299145,0.79970620,0.36304600,0.80292960,0.17957110,1.10732500,0.11515970,1.81196400,0.00000000,3.32508800,0.00000000,3.32692000,0.04977243,3.32302500,0.00000000,3.72019200,0.00000000,0.00780744,1.11355200,0.00000000,0.60659280,5.10406000,0.01709400,5.10004000,0.71440000,0.72231920
2026-09-22T08:36:50,214.90,d0a5916f,,46.1,45.8,0x0,-,-,1500,0.5,0.01,7415,0,0,packagekitd,3.0,0.00299145,0.79970620,0.37378120,0.80256330,0.17957110,1.10695900,0.11515970,1.81635900,0.00000000,3.32600400,0.00000000,3.32692000,0.04782057,3.31745700,0.00292779,3.72204800,0.00000000,0.00097593,1.11355200,0.00000000,0.60146460,5.11076000,0.01721610,5.10272000,0.72333000,0.72312500
2026-09-22T08:36:51,215.90,d0a5916f,,46.6,46.3,0x0,-,-,1500,0.2,0.09,7417,0,0,packagekitd,2.9,0.00299145,0.79970620,0.36499780,0.80109810,0.17859520,1.11062200,0.11320790,1.82466200,0.00000000,3.32417200,0.00000000,3.32600400,0.05367615,3.32302500,0.00097593,3.73411100,0.00000000,0.00780744,1.11208700,0.00000000,0.60256350,5.10674000,0.01697190,5.10272000,0.72333000,0.72285640
2026-09-22T08:36:52,216.90,d0a5916f,,46.1,45.8,0x0,-,-,1500,0.0,0.09,7418,0,0,packagekitd,2.9,0.00293040,0.79941320,0.36402190,0.80146440,0.17957110,1.10695900,0.11613570,1.81147600,0.00000000,3.32417200,0.00000000,3.32783600,0.05855580,3.32395300,0.00000000,3.74153500,0.00000000,0.00585558,1.10732500,0.00000000,0.60439500,5.10138000,0.01672770,5.09870000,0.71440000,0.72231920
2026-09-22T08:36:53,217.90,d0a5916f,,45.5,45.2,0x0,-,-,1500,0.3,0.09,7419,0,0,packagekitd,2.9,0.00293040,0.79999920,0.36694970,0.80292960,0.19128230,1.11062200,0.11418380,1.82466200,0.00000000,3.32325700,0.00000000,3.32783600,0.04586871,3.33323200,0.00000000,3.74060700,0.00000000,0.00683151,1.11355200,0.00000000,0.60476130,5.10674000,0.01746030,5.10272000,0.72333000,0.72178200
2026-09-22T08:36:54,218.90,d0a5916f,,45.5,45.2,0x0,-,-,1500,0.3,0.09,7419,0,0,packagekitd,2.9,0.00293040,0.79970620,0.36304600,0.80183080,0.17957110,1.10732500,0.11320790,1.81245200,0.00000000,3.32417200,0.00000000,3.32692000,0.04489278,3.32302500,0.00097593,3.72668700,0.00000000,0.00780744,1.10732500,0.00000000,0.60366240,5.10406000,0.01697190,5.09870000,0.73226000,0.72258790
2026-09-22T08:36:55,219.90,d0a5916f,,45.0,44.6,0x0,-,-,1700,0.5,0.09,7420,0,0,packagekitd,2.9,0.00293040,0.79970620,0.36499780,0.80183080,0.17957110,1.10732500,0.11613570,1.82124300,0.00000000,3.32417200,0.00000000,3.32692000,0.04879650,3.32302500,0.00097593,3.74153500,0.00000000,0.02049453,1.10732500,0.00000000,0.60292980,5.10942000,0.01733820,5.09736000,0.91085990,0.84319820
2026-09-22T08:36:56,220.90,d0a5916f,,46.1,45.8,0x0,-,-,1500,0.3,0.08,7423,0,0,packagekitd,2.9,0.00293040,0.79941320,0.36207000,0.80256330,0.18054710,1.10769100,0.11418380,1.81098700,0.00000000,3.32508800,0.00000000,3.32692000,0.04684464,3.32395300,0.10149670,3.76380600,0.00000000,0.01268709,1.11355200,0.00000000,0.60109830,5.11344000,0.01672770,5.10406000,0.71440000,0.72312500
2026-09-22T08:36:57,221.90,d0a5916f,,45.5,45.2,0x0,-,-,1500,0.5,0.08,7422,0,0,packagekitd,2.9,0.00286935,0.79941320,0.36207000,0.80109810,0.17957110,1.11062200,0.14638950,1.82173200,0.00000000,3.32508800,0.00000000,3.32508800,0.09368929,3.31003300,0.09759300,3.72854300,0.00000000,0.00878337,1.10769100,0.00000000,0.60183090,5.10674000,0.01697190,5.09736000,0.72333000,0.72285640
2026-09-22T08:36:58,222.90,d0a5916f,,46.1,45.8,0x0,-,-,1500,0.5,0.08,7421,0,0,packagekitd,2.8,0.00293040,0.79941320,0.36109410,0.80256330,0.17859520,1.10988900,0.11320790,1.82661600,0.00000000,3.32417200,0.00000000,3.32692000,0.04586871,3.33694400,0.09954486,3.72390300,0.00000000,0.00292779,1.10695900,0.00000000,0.60549390,5.11344000,0.01733820,5.10004000,0.71440000,0.72258790
2026-09-22T08:36:59,223.90,d0a5916f,,45.0,44.6,0x0,-,-,1500,0.5,0.08,7422,0,0,packagekitd,2.8,0.00293040,0.79941320,0.36207000,0.80292960,0.17957110,1.11062200,0.11418380,1.81098700,0.00000000,3.32508800,0.00000000,3.32692000,0.04489278,3.32395300,0.09564114,3.72483100,0.00000000,0.00683151,1.11282000,0.00000000,0.60183090,5.11076000,0.01733820,5.10272000,0.71440000,0.72312500
2026-09-22T08:37:00,224.90,d0a5916f,,46.6,46.3,0x0,-,-,1500,0.0,0.08,7423,0,0,packagekitd,2.8,0.00305250,0.79941320,0.36304600,0.80219700,0.17761930,1.11062200,0.11418380,1.81880100,0.00000000,3.32325700,0.00000000,3.32692000,0.04879650,3.32024100,0.09271335,3.72761500,0.00000000,0.00585558,1.11062200,0.00000000,0.60439500,5.11076000,0.01733820,5.10272000,0.72333000,0.72285640
2026-09-22T08:37:01,225.90,d0a5916f,,47.2,46.9,0x0,-,-,1700,0.5,0.08,7424,0,0,packagekitd,2.8,0.00293040,0.79970620,0.36499780,0.80219700,0.17859520,1.10805800,0.11613570,1.81880100,0.00000000,3.32325700,0.00000000,3.32692000,0.04196499,3.32395300,0.09564114,3.72854300,0.00000000,0.00292779,1.10805800,0.00000000,0.60036570,5.10674000,0.01648350,5.10004000,0.90193000,0.84346680
2026-09-22T08:37:02,226.90,d0a5916f,,46.1,45.8,0x0,-,-,1500,0.5,0.08,7426,0,0,packagekitd,2.8,0.00293040,0.79912020,0.36597380,0.80256330,0.17957110,1.10988900,0.11223200,1.81245200,0.00000000,3.32600400,0.00000000,3.32692000,0.04489278,3.32395300,0.10149670,3.72668700,0.00000000,0.01366302,1.11355200,0.00000000,0.60183090,5.10674000,0.01684980,5.09602000,0.71440000,0.72258790
2026-09-22T08:37:03,227.90,d0a5916f,,46.6,46.3,0x0,-,-,1500,0.3,0.08,7425,0,0,packagekitd,2.8,0.00293040,0.79941320,0.36402190,0.80256330,0.18054710,1.10805800,0.11515970,1.82222000,0.00000000,3.32417200,0.00000000,3.32783600,0.04586871,3.32302500,0.00000000,3.72761500,0.00000000,0.00585558,1.10439400,0.00000000,0.60219720,5.10674000,0.01709400,5.10138000,0.72333000,0.72231920
2026-09-22T08:37:04,228.90,d0a5916f,,45.0,44.6,0x0,-,-,1700,0.3,0.08,7427,0,0,packagekitd,2.8,0.00293040,0.79970620,0.36597380,0.80292960,0.17957110,1.11062200,0.11418380,1.81733600,0.00000000,3.32417200,0.00000000,3.32692000,0.05660394,3.32766400,0.00000000,3.73411100,0.00000000,0.00780744,1.10732500,0.00000000,0.60256350,5.10138000,0.01721610,5.09736000,0.73226000,0.72258790
2026-09-22T08:37:05,229.90,d0a5916f,,46.6,46.3,0x0,-,-,1500,0.5,0.08,7424,0,0,packagekitd,2.8,0.00293040,0.79941320,0.36402190,0.80219700,0.18249890,1.10695900,0.11515970,1.81977800,0.00000000,3.32325700,0.00000000,3.32692000,0.04391685,3.32116900,0.00000000,3.73967800,0.00000000,0.00780744,1.10879000,0.00000000,0.60366240,5.10942000,0.01721610,5.09736000,0.71440000,0.72285640
2026-09-22T08:37:06,230.90,d0a5916f,,46.1,45.8,0x0,-,-,1500,0.5,0.07,7421,0,0,packagekitd,2.7,0.00299145,0.79970620,0.36694970,0.80366220,0.18152300,1.11025500,0.11515970,1.81098700,0.00000000,3.32417200,0.00000000,3.32508800,0.04586871,3.32580900,0.09271335,3.72854300,0.00000000,0.00292779,1.11025500,0.00000000,0.60805800,5.11076000,0.01697190,5.10004000,0.72333000,0.72258790
2026-09-22T08:37:07,231.90,d0a5916f,,46.1,45.8,0x0,-,-,1500,0.3,0.07,7422,0,0,packagekitd,2.7,0.00299145,0.80058540,0.36304600,0.80146440,0.17859520,1.10695900,0.11515970,1.82075500,0.00000000,3.32508800,0.00000000,3.32692000,0.04684464,3.32395300,0.09466522,3.72854300,0.00000000,0.00292779,1.11062200,0.00000000,0.60256350,5.10808000,0.01758240,5.10272000,0.71440000,0.72312500
2026-09-22T08:37:08,232.90,d0a5916f,,46.1,45.8,0x0,-,-,1700,0.5,0.07,7425,0,0,packagekitd,2.7,0.00299145,0.79970620,0.36499780,0.80292960,0.17957110,1.11062200,0.11613570,1.81098700,0.00000000,3.32417200,0.00000000,3.32692000,0.04391685,3.32302500,0.09661707,3.72854300,0.00000000,0.00292779,1.11391800,0.00000000,0.59999940,5.10808000,0.01758240,5.10138000,0.72333000,0.72258790
2026-09-22T08:37:09,233.90,d0a5916f,,47.7,47.4,0x0,-,-,1500,0.5,0.07,7423,0,0,packagekitd,2.7,0.00299145,0.79970620,0.36597380,0.80109810,0.17957110,1.10879000,0.11320790,1.81880100,0.00000000,3.32600400,0.00000000,3.32692000,0.04684464,3.32024100,0.00097593,3.72668700,0.00000000,0.00097593,1.11208700,0.00000000,0.60549390,5.10808000,0.01709400,5.10138000,0.72333000,0.72178200
2026-09-22T08:37:10,234.90,d0a5916f,,46.1,45.8,0x0,-,-,1500,0.5,0.07,7423,0,0,packagekitd,2.7,0.00293040,0.79912020,0.36597380,0.80256330,0.17859520,1.11062200,0.11418380,1.82222000,0.00000000,3.32417200,0.00000000,3.32692000,0.05562801,3.31745700,0.00000000,3.72668700,0.00000000,0.00000000,1.10805800,0.00000000,0.60146460,5.10808000,0.01709400,5.10004000,0.71440000,0.72258790
2026-09-22T08:37:11,235.90,d0a5916f,,45.0,44.6,0x0,-,-,1500,0.5,0.06,7426,0,0,packagekitd,2.7,0.00293040,0.79970620,0.36304600,0.80256330,0.19128230,1.10805800,0.11418380,1.81977800,0.00000000,3.32325700,0.00000000,3.32783600,0.04586871,3.33323200,0.09173742,3.72854300,0.00000000,0.00390372,1.10732500,0.00000000,0.59963310,5.11076000,0.01758240,5.10004000,0.72333000,0.72178200
2026-09-22T08:37:12,236.90,d0a5916f,,45.5,45.2,0x0,-,-,1500,0.5,0.06,7425,0,0,packagekitd,2.7,0.00293040,0.79970620,0.36499780,0.80146440,0.17957110,1.10512700,0.11808750,1.81929000,0.00000000,3.32417200,0.00000000,3.32783600,0.05172429,3.32395300,0.09368929,3.72947100,0.00000000,0.00585558,1.10695900,0.00000000,0.59999940,5.11076000,0.01709400,5.09736000,0.70547000,0.72178200
2026-09-22T08:37:13,237.90,d0a5916f,,46.1,45.8,0x0,-,-,1500,0.5,0.06,7425,0,0,packagekitd,2.7,0.00305250,0.79941320,0.36499780,0.80292960,0.17859520,1.10439400,0.11223200,1.81391700,0.00000000,3.32417200,0.00000000,3.32692000,0.04391685,3.33230400,0.00000000,3.71833600,0.00000000,0.00585558,1.10805800,0.00000000,0.60292980,5.10138000,0.01709400,5.09736000,0.70547000,0.72231920
2026-09-22T08:37:14,238.90,d0a5916f,,46.6,46.3,0x0,-,-,1500,0.5,0.06,7425,0,0,packagekitd,2.6,0.00293040,0.79970620,0.36694970,0.80256330,0.17859520,1.10732500,0.11515970,1.81977800,0.00000000,3.32600400,0.00000000,3.32692000,0.04489278,3.32209700,0.00097593,3.72019200,0.00000000,0.00683151,1.10732500,0.00000000,0.60036570,5.10674000,0.01697190,5.10004000,0.71440000,0.72231920
2026-09-22T08:37:15,239.90,d0a5916f,,46.1,45.8,0x0,-,-,1500,0.3,0.06,7423,0,0,packagekitd,2.6,0.00293040,0.79941320,0.36402190,0.80256330,0.17957110,1.10805800,0.11515970,1.82954600,0.00000000,3.32508800,0.00000000,3.32600400,0.04586871,3.32395300,0.00000000,3.74153500,0.00000000,0.00000000,1.11098800,0.00000000,0.60476130,5.10138000,0.01709400,5.10004000,0.71440000,0.72205060
2026-09-22T08:37:16,240.90,d0a5916f,,46.6,46.3,0x0,-,-,1700,0.5,0.06,7423,0,0,packagekitd,2.6,0.00293040,0.79970620,0.36402190,0.80109810,0.18152300,1.10879000,0.11515970,1.82124300,0.00000000,3.32600400,0.00000000,3.32875100,0.05465208,3.32209700,0.09759300,3.72575900,0.00000000,0.00683151,1.11062200,0.00000000,0.60183090,5.11076000,0.01733820,5.10272000,0.71440000,0.72258790
2026-09-22T08:37:17,241.90,d0a5916f,,46.6,46.3,0x0,-,-,1500,0.2,0.06,7423,0,0,packagekitd,2.6,0.00299145,0.79941320,0.36597380,0.80292960,0.18054710,1.10439400,0.11418380,1.81831300,0.00000000,3.32417200,0.00000000,3.32692000,0.04391685,3.31745700,0.09368929,3.72483100,0.00000000,0.00390372,1.11355200,0.00000000,0.60219720,5.10942000,0.01672770,5.09870000,0.72333000,0.72258790
2026-09-22T08:37:18,242.90,d0a5916f,,46.1,45.8,0x0,-,-,1600,0.3,0.06,7425,0,0,packagekitd,2.6,0.00293040,0.79970620,0.36597380,0.80256330,0.17761930,1.11025500,0.11418380,1.82466200,0.00012210,3.32142500,0.00000000,3.32600400,0.05172429,3.31931300,0.09466522,3.72947100,0.00000000,0.00292779,1.11355200,0.00000000,0.60549390,5.10942000,0.01697190,5.10004000,0.71440000,0.72178200
2026-09-22T08:37:19,243.90,d0a5916f,,46.6,46.3,0x0,-,-,1500,0.3,0.06,7425,0,0,packagekitd,2.6,0.00274725,0.79970620,0.36499780,0.80219700,0.18054710,1.10732500,0.11320790,1.82124300,0.00000000,3.32417200,0.00000000,3.32508800,0.04586871,3.32116900,0.00000000,3.71926400,0.00000000,0.00878337,1.10586000,0.00000000,0.60292980,5.10540000,0.01758240,5.09870000,0.73226000,0.72178200
2026-09-22T08:37:20,244.90,d0a5916f,,45.0,44.6,0x0,-,-,1500,0.5,0.06,7427,0,0,packagekitd,2.6,0.00293040,0.79941320,0.36792560,0.80256330,0.18054710,1.10988900,0.11613570,1.82124300,0.00000000,3.32600400,0.00000000,3.32783600,0.04586871,3.31745700,0.00097593,3.72575900,0.00000000,0.00195186,1.11391800,0.00000000,0.60402870,5.10138000,0.01672770,5.10138000,0.73226000,0.72258790
2026-09-22T08:37:21,245.90,d0a5916f,,46.1,46.3,0x0,-,-,1500,0.3,0.05,7423,0,0,packagekitd,2.6,0.00299145,0.79970620,0.36499780,0.80256330,0.18152300,1.10732500,0.11418380,1.83150000,0.00000000,3.32417200,0.00000000,3.32692000,0.04684464,3.32116900,0.00000000,3.74153500,0.00000000,0.00683151,1.11208700,0.00000000,0.60439500,5.10942000,0.01697190,5.10138000,0.72333000,0.72231920
2026-09-22T08:37:22,246.90,d0a5916f,,45.0,44.6,0x0,-,-,1500,0.2,0.05,7425,0,0,packagekitd,2.5,0.00293040,0.79941320,0.36597380,0.80292960,0.17859520,1.11062200,0.11515970,1.83150000,0.00000000,3.32325700,0.00000000,3.32692000,0.05172429,3.32952100,0.09368929,3.72947100,0.00000000,0.00975930,1.10732500,0.00000000,0.60549390,5.10942000,0.01758240,5.10138000,0.71440000,0.72285640
2026-09-22T08:37:23,247.90,d0a5916f,,45.5,45.2,0x0,-,-,1500,0.3,0.05,7425,0,0,packagekitd,2.5,0.00293040,0.79912020,0.36402190,0.80366220,0.18152300,1.10732500,0.11613570,1.81733600,0.00000000,3.32417200,0.00000000,3.32692000,0.04782057,3.31745700,0.09564114,3.72854300,0.00000000,0.00878337,1.10805800,0.00000000,0.60402870,5.11076000,0.01672770,5.10004000,0.72333000,0.72231920
2026-09-22T08:37:24,248.90,d0a5916f,,46.1,46.3,0x0,-,-,1500,0.5,0.05,7426,0,0,packagekitd,2.5,0.00293040,0.79970620,0.36694970,0.80256330,0.18054710,1.10695900,0.11515970,1.81196400,0.00000000,3.32325700,0.00000000,3.32600400,0.04879650,3.32395300,0.00000000,3.72668700,0.00000000,0.00878337,1.10805800,0.00000000,0.60219720,5.10406000,0.01746030,5.10004000,0.71440000,0.72258790
2026-09-22T08:37:25,249.90,d0a5916f,,47.7,47.4,0x0,-,-,1500,0.2,0.05,7424,0,0,packagekitd,2.5,0.00286935,0.79999920,0.36402190,0.80292960,0.17859520,1.11062200,0.11418380,1.81245200,0.00000000,3.32508800,0.00000000,3.32692000,0.04684464,3.32302500,0.00000000,3.74153500,0.00000000,0.00878337,1.11355200,0.00000000,0.60146460,5.10138000,0.01758240,5.09736000,0.72333000,0.72231920
2026-09-22T08:37:26,250.90,d0a5916f,,46.1,45.8,0x0,-,-,1500,0.5,0.05,7424,0,0,packagekitd,2.5,0.00293040,0.79999920,0.36597380,0.80292960,0.17761930,1.10915600,0.11515970,1.82124300,0.00000000,3.32325700,0.00000000,3.32783600,0.04782057,3.32395300,0.09466522,3.72297600,0.00000000,0.01561488,1.10805800,0.00000000,0.60219720,5.10942000,0.01733820,5.10272000,0.73226000,0.72258790
2026-09-22T08:37:27,251.90,d0a5916f,,46.1,45.8,0x0,-,-,1500,0.0,0.05,7425,0,0,packagekitd,2.5,0.00293040,0.79941320,0.36499780,0.80256330,0.20104160,1.10805800,0.11515970,1.81196400,0.00000000,3.32600400,0.00000000,3.32692000,0.05270022,3.33323200,0.09466522,3.72854300,0.00000000,0.00000000,1.11245300,0.00000000,0.60329610,5.10808000,0.01733820,5.10406000,0.72333000,0.72285640
2026-09-22T08:37:28,252.90,d0a5916f,,45.5,45.2,0x0,-,-,1500,0.5,0.05,7425,0,0,packagekitd,2.5,0.00293040,0.79999920,0.36402190,0.80329590,0.17957110,1.10732500,0.11418380,1.82222000,0.00000000,3.32417200,0.00000000,3.32508800,0.04782057,3.32580900,0.00097593,3.72575900,0.00000000,0.00390372,1.11355200,0.00000000,0.60402870,5.11076000,0.01733820,5.10004000,0.71440000,0.72205060
2026-09-22T08:37:29,253.90,d0a5916f,,47.2,46.9,0x0,-,-,1500,0.5,0.05,7425,0,0,packagekitd,2.5,0.00299145,0.79941320,0.36402190,0.80183080,0.18054710,1.11062200,0.11613570,1.81196400,0.00000000,3.32508800,0.00000000,3.32783600,0.04977243,3.32024100,0.00097593,3.72761500,0.00000000,0.00000000,1.10805800,0.00000000,0.60036570,5.10808000,0.01697190,5.10138000,0.71440000,0.72258790
2026-09-22T08:37:30,254.90,d0a5916f,,46.1,45.8,0x0,-,-,1500,0.5,0.05,7425,0,0,packagekitd,2.5,0.00293040,0.79970620,0.36402190,0.80366220,0.17957110,1.10805800,0.11418380,1.81196400,0.00000000,3.32600400,0.00000000,3.32692000,0.04586871,3.31745700,0.00000000,3.73411100,0.00000000,0.00390372,1.11355200,0.00000000,0.60073200,5.10674000,0.01721610,5.10004000,0.72333000,0.72285640
2026-09-22T08:37:31,255.90,d0a5916f,,46.6,46.3,0x0,-,-,1500,0.5,0.04,7425,0,0,packagekitd,2.5,0.00299145,0.79970620,0.36402190,0.80329590,0.17761930,1.10915600,0.11515970,1.81049900,0.00000000,3.32417200,0.00000000,3.32692000,0.04391685,3.32952100,0.00097593,3.72854300,0.00000000,0.00585558,1.11282000,0.00000000,0.60256350,5.10406000,0.01648350,5.09870000,0.70547000,0.72205060
2026-09-22T08:37:32,256.90,d0a5916f,,46.1,45.8,0x0,-,-,1500,0.7,0.04,7423,0,0,packagekitd,2.4,0.00299145,0.79970620,0.36402190,0.80366220,0.17957110,1.10732500,0.11320790,1.82026700,0.00000000,3.32417200,0.00000000,3.32600400,0.04782057,3.33323200,0.00097593,3.72668700,0.00000000,0.00292779,1.11355200,0.00000000,0.60586020,5.10138000,0.01648350,5.09602000,0.71440000,0.72231920
2026-09-22T08:37:33,257.90,d0a5916f,,46.1,45.8,0x0,-,-,1500,0.5,0.04,7424,0,0,packagekitd,2.4,0.00299145,0.79941320,0.36499780,0.80183080,0.18835450,1.10769100,0.14834140,1.81098700,0.00000000,3.32417200,0.00000000,3.32783600,0.09271335,3.31188900,0.09564114,3.72761500,0.00000000,0.00683151,1.10695900,0.00000000,0.60256350,5.10808000,0.01709400,5.09870000,0.71440000,0.72258790
2026-09-22T08:37:34,258.90,d0a5916f,,46.1,45.8,0x0,-,-,1500,0.7,0.04,7427,0,0,packagekitd,2.4,0.00299145,0.79941320,0.36987750,0.80256330,0.17859520,1.10915600,0.11613570,1.82954600,0.00000000,3.32600400,0.00000000,3.32600400,0.04782057,3.32302500,0.09271335,3.72575900,0.00000000,0.00000000,1.10732500,0.00000000,0.60659280,5.10808000,0.01697190,5.10004000,0.72333000,0.72258790
2026-09-22T08:37:35,259.90,d0a5916f,,46.1,45.8,0x0,-,-,1500,0.5,0.04,7426,0,0,packagekitd,2.4,0.00299145,0.79970620,0.36694970,0.80292960,0.18054710,1.10879000,0.11711160,1.82954600,0.00000000,3.32600400,0.00000000,3.32692000,0.04489278,3.32116900,0.09564114,3.72854300,0.00000000,0.01171116,1.10769100,0.00000000,0.60329610,5.10808000,0.01758240,5.10272000,0.72333000,0.72178200
2026-09-22T08:37:36,260.90,d0a5916f,,46.6,46.3,0x0,-,-,1500,0.5,0.04,7427,0,0,packagekitd,2.4,0.00293040,0.79941320,0.36597380,0.80219700,0.17957110,1.10659200,0.11515970,1.80463800,0.00000000,3.32508800,0.00000000,3.32783600,0.04684464,3.32209700,0.00097593,3.72668700,0.00000000,0.00000000,1.10586000,0.00000000,0.60292980,5.10540000,0.01733820,5.09602000,0.72333000,0.72231920
2026-09-22T08:37:37,261.90,d0a5916f,,46.1,45.8,0x0,-,-,1600,0.5,0.04,7429,0,0,packagekitd,2.4,0.00305250,0.79999920,0.36499780,0.80219700,0.17761930,1.10732500,0.11711160,1.81196400,0.00000000,3.32508800,0.00000000,3.32692000,0.04586871,3.32488100,0.09954486,3.72854300,0.00000000,0.00000000,1.11208700,0.00000000,0.60695910,5.10272000,0.01648350,5.10272000,0.87514000,0.83379650
2026-09-22T08:37:38,262.90,d0a5916f,,45.0,44.6,0x0,-,-,1500,0.5,0.04,7428,0,0,packagekitd,2.4,0.00286935,0.79941320,0.37866080,0.80219700,0.17957110,1.10805800,0.11515970,1.81733600,0.00000000,3.32417200,0.00000000,3.32692000,0.04489278,3.33323200,0.09759300,3.72483100,0.00000000,0.00000000,1.11098800,0.00000000,0.60695910,5.11210000,0.01648350,5.10138000,0.72333000,0.72258790
2026-09-22T08:37:39,263.90,d0a5916f,,45.0,44.6,0x0,-,-,1500,0.5,0.04,7429,0,0,packagekitd,2.4,0.00293040,0.79970620,0.36304600,0.80109810,0.17761930,1.11062200,0.11320790,1.80463800,0.00000000,3.32417200,0.00000000,3.32692000,0.04489278,3.32302500,0.00097593,3.72575900,0.00000000,0.00292779,1.11355200,0.00000000,0.60805800,5.10674000,0.01709400,5.10406000,1.21448000,0.72178200
2026-09-22T08:37:40,264.90,d0a5916f,,45.0,44.6,0x0,-,-,1500,0.5,0.04,7427,0,0,packagekitd,2.4,0.00299145,0.79912020,0.36402190,0.80292960,0.17859520,1.11062200,0.11613570,1.81196400,0.00000000,3.32417200,0.00000000,3.32600400,0.04879650,3.32209700,0.09564114,3.72390300,0.00000000,0.00390372,1.11355200,0.00000000,0.60439500,5.10138000,0.01697190,5.10004000,0.73226000,0.72258790
2026-09-22T08:37:41,265.90,d0a5916f,,46.1,45.8,0x0,-,-,1500,0.5,0.04,7427,0,0,packagekitd,2.4,0.00293040,0.79999920,0.36694970,0.80146440,0.19128230,1.10732500,0.11515970,1.82173200,0.00000000,3.32325700,0.00000000,3.32508800,0.04879650,3.32024100,0.09564114,3.72668700,0.00000000,0.00390372,1.10732500,0.00000000,0.60366240,5.10808000,0.01733820,5.09870000,0.71440000,0.72258790
2026-09-22T08:37:42,266.90,d0a5916f,,45.0,44.6,0x0,-,-,1500,0.5,0.04,7426,0,0,packagekitd,2.3,0.00293040,0.79970620,0.36402190,0.80256330,0.17761930,1.10695900,0.11515970,1.82124300,0.00000000,3.32600400,0.00000000,3.32783600,0.05074836,3.32580900,0.00390372,3.72668700,0.00000000,0.00585558,1.11355200,0.00000000,0.60402870,5.10808000,0.01697190,5.10004000,0.72333000,0.72231920
2026-09-22T08:37:43,267.90,d0a5916f,,46.6,46.3,0x0,-,-,1500,0.3,0.04,7426,0,0,packagekitd,2.3,0.00293040,0.79941320,0.36402190,0.80219700,0.17957110,1.10879000,0.11711160,1.81098700,0.00000000,3.32600400,0.00000000,3.32692000,0.05172429,3.33137600,0.00097593,3.73782300,0.00000000,0.00585558,1.11355200,0.00000000,0.60256350,5.10674000,0.01709400,5.10138000,0.73226000,0.72205060
2026-09-22T08:37:44,268.90,d0a5916f,,46.1,45.8,0x0,-,-,1500,0.7,0.04,7427,0,0,packagekitd,2.3,0.00293040,0.79941320,0.36499780,0.80292960,0.17957110,1.10732500,0.11711160,1.82466200,0.00000000,3.32508800,0.00000000,3.32692000,0.04879650,3.31745700,0.00000000,3.72668700,0.00000000,0.00780744,1.10439400,0.00000000,0.60439500,5.10004000,0.01782660,5.09736000,0.70547000,0.72258790
2026-09-22T08:37:45,269.90,d0a5916f,,45.0,44.6,0x0,-,-,1500,0.2,0.04,7428,0,0,packagekitd,2.3,0.00286935,0.79970620,0.36402190,0.80292960,0.18054710,1.10732500,0.11711160,1.81098700,0.00000000,3.32417200,0.00000000,3.32692000,0.04684464,3.32116900,0.00000000,3.72668700,0.00000000,0.01073523,1.10805800,0.00000000,0.60183090,5.10540000,0.01758240,5.09870000,0.72333000,0.72231920
2026-09-22T08:37:46,270.90,d0a5916f,,46.1,45.2,0x0,-,-,1500,0.5,0.03,7425,0,0,packagekitd,2.3,0.00299145,0.79999920,0.36597380,0.80219700,0.18054710,1.10695900,0.11320790,1.81049900,0.00000000,3.32417200,0.00000000,3.32692000,0.05757987,3.32209700,0.00195186,3.73411100,0.00000000,0.00195186,1.11355200,0.00000000,0.60292980,5.10406000,0.01697190,5.10272000,0.75012000,0.72258790
2026-09-22T08:37:47,271.90,d0a5916f,,45.0,44.6,0x0,-,-,1500,0.2,0.03,7427,0,0,ps,100,0.00293040,0.79970620,0.36792560,0.80219700,0.19225820,1.10879000,0.11418380,1.82466200,0.00000000,3.32417200,0.00000000,3.32783600,0.04684464,3.33323200,0.00000000,3.74153500,0.00000000,0.00195186,1.11208700,0.00000000,0.61025580,5.10406000,0.01648350,5.10272000,0.71440000,0.72178200
2026-09-22T08:37:48,272.90,d0a5916f,,46.1,45.8,0x0,-,-,1500,0.3,0.03,7428,0,0,packagekitd,2.3,0.00299145,0.79999920,0.36304600,0.80329590,0.17957110,1.11062200,0.11418380,1.82466200,0.00000000,3.32417200,0.00000000,3.32508800,0.04586871,3.33416000,0.00292779,3.73411100,0.00000000,0.00780744,1.11208700,0.00000000,0.60366240,5.10808000,0.01672770,5.10272000,0.70547000,0.72178200
2026-09-22T08:37:49,273.90,d0a5916f,,46.6,46.3,0x0,-,-,1500,0.3,0.03,7427,0,0,packagekitd,2.3,0.00293040,0.79970620,0.36499780,0.80256330,0.17859520,1.11062200,0.11223200,1.82124300,0.00000000,3.32325700,0.00000000,3.32692000,0.05172429,3.32116900,0.00097593,3.73411100,0.00000000,0.00780744,1.11025500,0.00000000,0.60586020,5.10674000,0.01672770,5.10004000,0.73226000,0.72258790
2026-09-22T08:37:50,274.90,d0a5916f,,45.5,45.2,0x0,-,-,1500,0.2,0.03,7429,0,0,packagekitd,2.3,0.00299145,0.79970620,0.36597380,0.80329590,0.17957110,1.10439400,0.11515970,1.81245200,0.00000000,3.32508800,0.00000000,3.32600400,0.04977243,3.31745700,0.00195186,3.74153500,0.00000000,0.00585558,1.11062200,0.00000000,0.60512760,5.10808000,0.01648350,5.10272000,0.72333000,0.72258790
2026-09-22T08:37:51,275.90,d0a5916f,,44.4,44.1,0x0,-,-,1500,0.3,0.03,7430,0,0,packagekitd,2.3,0.00293040,0.79941320,0.36597380,0.80256330,0.18054710,1.10732500,0.11515970,1.80903400,0.00000000,3.32417200,0.00000000,3.32783600,0.04782057,3.32580900,0.09661707,3.72854300,0.00000000,0.00390372,1.10586000,0.00000000,0.60036570,5.10406000,0.01709400,5.10406000,0.70547000,0.72258790
2026-09-22T08:37:52,276.90,d0a5916f,,46.1,45.8,0x0,-,-,1500,0.3,0.03,7426,0,0,packagekitd,2.3,0.00293040,0.79941320,0.36207000,0.80292960,0.18054710,1.10988900,0.11515970,1.82124300,0.00000000,3.32417200,0.00000000,3.32783600,0.05270022,3.32302500,0.09564114,3.72854300,0.00000000,0.00780744,1.10586000,0.00000000,0.59926680,5.10674000,0.01697190,5.10138000,0.71440000,0.72231920
2026-09-22T08:37:53,277.90,d0a5916f,,46.6,46.3,0x0,-,-,1500,0.2,0.03,7427,0,0,packagekitd,2.2,0.00293040,0.79912020,0.36109410,0.80256330,0.18933040,1.10476100,0.11515970,1.81880100,0.00000000,3.32325700,0.00000000,3.32783600,0.04782057,3.31745700,0.00390372,3.72668700,0.00000000,0.00390372,1.10439400,0.00000000,0.60036570,5.11076000,0.01648350,5.09736000,0.73226000,0.72258790
2026-09-22T08:37:54,278.90,d0a5916f,,45.5,45.2,0x0,-,-,1500,0.0,0.03,7427,0,0,ps,100,0.00299145,0.79941320,0.36304600,0.80256330,0.18152300,1.11062200,0.11418380,1.82661600,0.00000000,3.32325700,0.00000000,3.32783600,0.04684464,3.32580900,0.00000000,3.72854300,0.00000000,0.00780744,1.10732500,0.00000000,0.59963310,5.10674000,0.01733820,5.10004000,0.71440000,0.72178200
2026-09-22T08:37:55,279.90,d0a5916f,,46.1,45.8,0x0,-,-,1500,0.5,0.03,7427,0,0,packagekitd,2.2,0.00299145,0.79970620,0.36597380,0.80146440,0.18054710,1.10988900,0.11515970,1.82466200,0.00000000,3.32325700,0.00000000,3.32692000,0.04782057,3.31745700,0.00000000,3.74153500,0.00000000,0.00292779,1.11355200,0.00000000,0.60036570,5.11344000,0.01709400,5.09870000,0.70547000,0.72178200
2026-09-22T08:37:56,280.90,d0a5916f,,45.0,44.6,0x0,-,-,1500,0.2,0.03,7427,0,0,packagekitd,2.2,0.00293040,0.79941320,0.36207000,0.80256330,0.17957110,1.11062200,0.11320790,1.81929000,0.00000000,3.32417200,0.00000000,3.32692000,0.04489278,3.32395300,0.00292779,3.72668700,0.00000000,0.00585558,1.11282000,0.00000000,0.60219720,5.11210000,0.01697190,5.09870000,0.72333000,0.72231920
2026-09-22T08:37:57,281.90,d0a5916f,,46.1,45.8,0x0,-,-,1500,0.5,0.03,7429,0,0,packagekitd,2.2,0.00293040,0.79912020,0.36694970,0.80219700,0.17957110,1.10732500,0.11515970,1.81440600,0.00000000,3.32417200,0.00000000,3.32783600,0.04489278,3.32302500,0.00195186,3.72668700,0.00000000,0.01561488,1.10879000,0.00000000,0.60256350,5.10540000,0.01709400,5.09736000,0.71440000,0.72178200
2026-09-22T08:37:58,282.90,d0a5916f,,44.4,44.1,0x0,-,-,1500,0.3,0.03,7424,0,0,packagekitd,2.2,0.00293040,0.79941320,0.36792560,0.80109810,0.18054710,1.10988900,0.11320790,1.80073100,0.00000000,3.32417200,0.00000000,3.32600400,0.04684464,3.32766400,0.00195186,3.74153500,0.00000000,0.00097593,1.11172000,0.00000000,0.59926680,5.10272000,0.01697190,5.09736000,0.72333000,0.72178200
2026-09-22T08:37:59,283.90,d0a5916f,,46.1,45.8,0x0,-,-,1500,0.2,0.03,7426,0,0,packagekitd,2.2,0.00280830,0.79970620,0.36597380,0.80109810,0.17859520,1.10879000,0.11515970,1.82466200,0.00000000,3.32600400,0.00000000,3.32692000,0.04879650,3.32859200,0.09856894,3.72390300,0.00000000,0.00585558,1.11208700,0.00000000,0.60292980,5.10808000,0.01733820,5.10540000,0.73226000,0.72258790
2026-09-22T08:38:00,284.90,d0a5916f,,45.0,44.6,0x0,-,-,1500,0.7,0.03,7424,0,0,packagekitd,2.2,0.00299145,0.79970620,0.36109410,0.80109810,0.18054710,1.10732500,0.11711160,1.82124300,0.00000000,3.32417200,0.00000000,3.32692000,0.04489278,3.32580900,0.10052080,3.72390300,0.00000000,0.00585558,1.11391800,0.00000000,0.60366240,5.10674000,0.01758240,5.10272000,0.71440000,0.72258790
2026-09-22T08:38:01,285.90,d0a5916f,,45.5,45.2,0x0,-,-,1500,0.3,0.03,7425,0,0,packagekitd,2.2,0.00299145,0.79970620,0.36109410,0.80219700,0.17859520,1.10732500,0.11418380,1.81196400,0.00000000,3.32417200,0.00000000,3.32600400,0.04782057,3.32952100,0.09856894,3.72854300,0.00000000,0.00195186,1.10805800,0.00000000,0.60036570,5.11076000,0.01709400,5.09602000,0.71440000,0.72258790
2026-09-22T08:38:02,286.90,d0a5916f,,46.1,45.8,0x0,-,-,1500,0.2,0.03,7427,0,0,packagekitd,2.2,0.00293040,0.79970620,0.36597380,0.80109810,0.17957110,1.10988900,0.11320790,1.81489400,0.00000000,3.32508800,0.00000000,3.32692000,0.04489278,3.31931300,0.09564114,3.72668700,0.00000000,0.00195186,1.11062200,0.00000000,0.60586020,5.10808000,0.01709400,5.10272000,0.72333000,0.72231920
2026-09-22T08:38:03,287.90,d0a5916f,,46.6,46.3,0x0,-,-,1500,0.5,0.03,7427,0,0,packagekitd,2.2,0.00293040,0.79941320,0.36402190,0.80183080,0.17957110,1.10732500,0.11223200,1.82124300,0.00000000,3.32417200,0.00000000,3.32692000,0.04489278,3.31931300,0.09564114,3.72947100,0.00000000,0.00195186,1.10732500,0.00000000,0.60476130,5.10808000,0.01733820,5.09870000,0.71440000,0.72178200
2026-09-22T08:38:04,288.90,d0a5916f,,46.6,46.3,0x0,-,-,1500,0.5,0.03,7426,0,0,packagekitd,2.2,0.00299145,0.79912020,0.36304600,0.80256330,0.18152300,1.11062200,0.11418380,1.81977800,0.00000000,3.32600400,0.00000000,3.32600400,0.05465208,3.32395300,0.09368929,3.72761500,0.00000000,0.00292779,1.11282000,0.00000000,0.60219720,5.10674000,0.01709400,5.10004000,0.70547000,0.72258790
2026-09-22T08:38:05,289.90,d0a5916f,,45.5,45.2,0x0,-,-,1500,0.0,0.03,7427,0,0,packagekitd,2.1,0.00293040,0.79941320,0.36597380,0.80256330,0.19128230,1.10988900,0.11418380,1.81880100,0.00000000,3.32417200,0.00000000,3.32692000,0.04684464,3.32116900,0.09564114,3.72854300,0.00000000,0.01268709,1.10805800,0.00000000,0.60183090,5.10138000,0.01697190,5.09602000,0.69653990,0.72205060
2026-09-22T08:38:06,290.90,d0a5916f,,47.2,46.9,0x0,-,-,1500,0.5,0.02,7428,0,0,packagekitd,2.1,0.00299145,0.79941320,0.36499780,0.80292960,0.17859520,1.10732500,0.11418380,1.81098700,0.00000000,3.32325700,0.00000000,3.32783600,0.04977243,3.32116900,0.09368929,3.72483100,0.00000000,0.00780744,1.10732500,0.00000000,0.59999940,5.10674000,0.01648350,5.10138000,0.70547000,0.72258790
2026-09-22T08:38:07,291.90,d0a5916f,,46.1,45.8,0x0,-,-,1500,0.5,0.02,7424,0,0,packagekitd,2.1,0.00293040,0.79970620,0.36402190,0.80256330,0.17761930,1.10879000,0.11613570,1.81391700,0.00000000,3.32325700,0.00000000,3.32692000,0.04294092,3.31931300,0.09466522,3.72761500,0.00000000,0.00195186,1.10732500,0.00000000,0.60256350,5.10808000,0.01733820,5.09736000,0.72333000,0.72285640
2026-09-22T08:38:08,292.90,d0a5916f,,45.5,45.2,0x0,-,-,1500,0.3,0.02,7423,0,0,packagekitd,2.1,0.00293040,0.79941320,0.36597380,0.80402850,0.18054710,1.11062200,0.11711160,1.81245200,0.00000000,3.32417200,0.00000000,3.32692000,0.04586871,3.32116900,0.09368929,3.72390300,0.00000000,0.00292779,1.11391800,0.00000000,0.60659280,5.10406000,0.01697190,5.10406000,0.70547000,0.72285640
2026-09-22T08:38:09,293.90,d0a5916f,,45.0,44.6,0x0,-,-,1500,0.7,0.02,7424,0,0,packagekitd,2.1,0.00274725,0.79941320,0.36694970,0.80329590,0.17957110,1.10732500,0.14736540,1.81782500,0.00000000,3.32508800,0.00000000,3.32600400,0.08392998,3.30632200,0.00097593,3.74153500,0.00000000,0.00878337,1.11355200,0.00000000,0.60549390,5.11344000,0.01672770,5.10406000,0.72333000,0.72258790
2026-09-22T08:38:10,294.90,d0a5916f,,45.0,44.6,0x0,-,-,1500,0.5,0.02,7425,0,0,packagekitd,2.1,0.00293040,0.79941320,0.36304600,0.80256330,0.18054710,1.10879000,0.11711160,1.81245200,0.00000000,3.32508800,0.00000000,3.32783600,0.05270022,3.32209700,0.00195186,3.73411100,0.00000000,0.00292779,1.10805800,0.00000000,0.60146460,5.10674000,0.01697190,5.10004000,0.71440000,0.72178200
2026-09-22T08:38:11,295.90,d0a5916f,,46.1,45.8,0x0,-,-,1600,0.5,0.02,7424,0,0,packagekitd,2.1,0.00299145,0.79970620,0.36304600,0.80219700,0.18835450,1.10952300,0.11515970,1.82954600,0.00000000,3.32417200,0.00000000,3.32600400,0.04684464,3.32952100,0.00000000,3.72668700,0.00000000,0.00000000,1.10805800,0.00000000,0.59963310,5.10674000,0.01697190,5.10004000,0.89299990,0.83299060
2026-09-22T08:38:12,296.90,d0a5916f,,46.6,46.3,0x0,-,-,1600,0.5,0.02,7423,0,0,packagekitd,2.1,0.00299145,0.79941320,0.36304600,0.80256330,0.17761930,1.10769100,0.11418380,1.81733600,0.00000000,3.32417200,0.00000000,3.32692000,0.04782057,3.32395300,0.00000000,3.74153500,0.00000000,0.00780744,1.11062200,0.00000000,0.59999940,5.09870000,0.01709400,5.10540000,0.88407000,0.83299060
2026-09-22T08:38:13,297.90,d0a5916f,,46.1,45.8,0x0,-,-,1600,0.5,0.02,7423,0,0,packagekitd,2.1,0.00299145,0.79970620,0.36694970,0.80219700,0.18152300,1.11062200,0.11711160,1.81098700,0.00000000,3.32600400,0.00000000,3.32783600,0.04684464,3.32024100,0.00195186,3.71926400,0.00000000,0.00000000,1.10586000,0.00000000,0.60146460,5.11076000,0.01672770,5.10004000,0.87514000,0.83352790
2026-09-22T08:38:14,298.90,d0a5916f,,45.5,45.2,0x0,-,-,1600,0.3,0.02,7426,0,0,packagekitd,2.1,0.00280830,0.79941320,0.36597380,0.80109810,0.18054710,1.10805800,0.11515970,1.82124300,0.00000000,3.32508800,0.00000000,3.32692000,0.04977243,3.32766400,0.00195186,3.72668700,0.00000000,0.00780744,1.11208700,0.00000000,0.60109830,5.10406000,0.01660560,5.09602000,0.88407000,0.83325920
2026-09-22T08:38:15,299.90,d0a5916f,,45.5,45.2,0x0,-,-,1600,0.5,0.02,7424,0,0,packagekitd,2.1,0.00274725,0.79912020,0.36304600,0.80256330,0.17957110,1.10695900,0.11515970,1.81880100,0.00000000,3.32417200,0.00000000,3.32783600,0.04977243,3.32116900,0.00097593,3.72854300,0.00000000,0.00585558,1.10695900,0.00000000,0.60219720,5.10942000,0.01672770,5.09870000,0.86621010,0.83325920
2026-09-22T08:38:16,300.90,d0a5916f,,46.6,46.3,0x0,-,-,1600,0.2,0.02,7424,0,0,packagekitd,2.1,0.00293040,0.79941320,0.36402190,0.80256330,0.18933040,1.10732500,0.11515970,1.81147600,0.00000000,3.32417200,0.00000000,3.32600400,0.04684464,3.32209700,0.09564114,3.71833600,0.00000000,0.00390372,1.10915600,0.00000000,0.59999940,5.10406000,0.01733820,5.09334000,0.88407000,0.83325920
2026-09-22T08:38:17,301.90,d0a5916f,,46.6,46.3,0x0,-,-,1600,0.7,0.02,7426,0,0,packagekitd,2.1,0.00305250,0.79912020,0.36499780,0.80146440,0.17957110,1.10732500,0.11711160,1.82222000,0.00000000,3.32417200,0.00000000,3.32600400,0.04879650,3.32209700,0.09564114,3.74153500,0.00000000,0.00585558,1.11355200,0.00000000,0.60366240,5.10808000,0.01672770,5.09602000,0.86621010,0.83325920
2026-09-22T08:38:18,302.90,d0a5916f,,47.2,46.9,0x0,-,-,1700,0.3,0.02,7427,0,0,packagekitd,2.0,0.00299145,0.79970620,0.36402190,0.80256330,0.17859520,1.11062200,0.11613570,1.81098700,0.00000000,3.32417200,0.00000000,3.32692000,0.04684464,3.33323200,0.00097593,3.74153500,0.00000000,0.00683151,1.10988900,0.00000000,0.60549390,5.10674000,0.01758240,5.09736000,0.91085990,0.84346680
2026-09-22T08:38:19,303.90,d0a5916f,,46.1,45.8,0x0,-,-,1500,0.5,0.02,7424,0,0,packagekitd,2.0,0.00293040,0.79970620,0.36402190,0.80109810,0.17761930,1.10879000,0.11418380,1.81245200,0.00000000,3.32417200,0.00000000,3.32692000,0.04391685,3.32673600,0.00487965,3.72668700,0.00000000,0.00780744,1.10805800,0.00000000,0.60549390,5.10674000,0.01684980,5.09870000,0.71440000,0.72285640
2026-09-22T08:38:20,304.90,d0a5916f,,46.1,45.8,0x0,-,-,1700,0.3,0.02,7427,0,0,packagekitd,2.0,0.00299145,0.79941320,0.36304600,0.80366220,0.17859520,1.10879000,0.14931730,1.81440600,0.00000000,3.32417200,0.00000000,3.32783600,0.08783370,3.31188900,0.09271335,3.72575900,0.00000000,0.01268709,1.11391800,0.00000000,0.60366240,5.10540000,0.01672770,5.09066000,0.91085990,0.84346680
2026-09-22T08:38:21,305.90,d0a5916f,,46.6,46.3,0x0,-,-,1700,0.2,0.02,7426,0,0,packagekitd,2.0,0.00293040,0.79970620,0.36304600,0.80292960,0.17859520,1.10732500,0.11515970,1.82466200,0.00000000,3.32325700,0.00000000,3.32600400,0.05074836,3.32209700,0.00000000,3.71833600,0.00000000,0.00878337,1.11355200,0.00000000,0.59963310,5.10540000,0.01758240,5.10138000,0.71440000,0.72285640
2026-09-22T08:38:22,306.90,d0a5916f,,45.0,44.6,0x0,-,-,1500,0.3,0.02,7427,0,0,packagekitd,2.0,0.00280830,0.79941320,0.36207000,0.80292960,0.17957110,1.10769100,0.11711160,1.81635900,0.00000000,3.32325700,0.00000000,3.32692000,0.05465208,3.32209700,0.00097593,3.74153500,0.00000000,0.00585558,1.11355200,0.00000000,0.60366240,5.10674000,0.01733820,5.09736000,0.70547000,0.72178200
2026-09-22T08:38:23,307.90,d0a5916f,,46.1,45.8,0x0,-,-,1500,0.3,0.02,7427,0,0,packagekitd,2.0,0.00293040,0.79970620,0.36402190,0.80366220,0.17957110,1.10732500,0.11418380,1.81245200,0.00000000,3.32234100,0.00000000,3.32875100,0.04196499,3.33508800,0.06050766,3.73411100,0.00000000,0.01951860,1.11208700,0.00000000,0.60402870,5.09066000,0.01721610,5.10808000,0.72333000,0.72258790
2026-09-22T08:38:24,308.90,d0a5916f,,45.0,44.6,0x0,-,-,1500,0.3,0.02,7425,0,0,packagekitd,2.0,0.00299145,0.79970620,0.36304600,0.80109810,0.18054710,1.10988900,0.11418380,1.82222000,0.00000000,3.32417200,0.00000000,3.32692000,0.04977243,3.32116900,0.05953173,3.73411100,0.00000000,0.00487965,1.11172000,0.00000000,0.60146460,5.11076000,0.01709400,5.11076000,0.73226000,0.72285640
